﻿ac_name,ac_no,type,winning_cand,party,totelectors,totvotes,poll_percentage,margin,winning_percentage
Royapuram,1,GEN,R. Mathivanan,Dravida Munetra Kazhagam,"1,18,588","83,095",70.10%,"11,766",9.92
Harbour,2,GEN,M. Karunanidhi,Dravida Munetra Kazhagam,"1,06,293","70,651",66.50%,"31,991",30.1
Dr. Radhakrishnan Nagar,3,GEN,"Sarkunam, S.P.",Dravida Munetra Kazhagam,"1,79,625","1,21,401",67.60%,"24,256",13.5
Park Town,4,GEN,"Rahmankhan, A.",Dravida Munetra Kazhagam,"1,13,205","76,521",67.60%,"20,143",17.79
Perambur,5,SC,Chengai Sivam Alias Sajaisvam J.,Dravida Munetra Kazhagam,"1,84,148","1,23,856",67.30%,"39,990",21.72
Purasawalkam,6,GEN,"Veerasamy Arcot, N.",Dravida Munetra Kazhagam,"2,04,074","1,39,265",68.20%,"38,264",18.75
Egmore,7,SC,Elamvazhuthi,Dravida Munetra Kazhagam,"1,15,205","77,532",67.30%,"20,969",18.2
Anna Nagar,8,GEN,"Anbazhagan, K.",Dravida Munetra Kazhagam,"2,23,765","1,44,459",64.60%,"32,407",14.48
Theagaraya Nagar,9,GEN,"Ganesan, S.A.",Dravida Munetra Kazhagam,"1,78,867","1,16,824",65.30%,"22,104",12.36
Thousand Lights,10,GEN,"Stalin, M.K.",Dravida Munetra Kazhagam,"1,50,057","1,01,758",67.80%,"20,634",13.75
Chepauk,11,GEN,"Latheef, M.A.",Dravida Munetra Kazhagam,"98,546","66,894",67.90%,"18,353",18.62
Triplicane,12,GEN,Nanjil K. Manoharan,Dravida Munetra Kazhagam,"1,15,258","80,589",69.90%,"9,972",8.65
Mylapore,13,GEN,"Ganapathy, N.",Dravida Munetra Kazhagam,"1,73,258","1,20,361",69.50%,"18,195",10.5
Saidapet,14,GEN,R.S. Sridhar,Dravida Munetra Kazhagam,"1,88,305","1,24,484",66.10%,"32,589",17.31
Gummidipundi,15,GEN,"Venu, K.",Dravida Munetra Kazhagam,"1,51,862","1,00,774",66.40%,"3,530",2.32
Ponneri,16,SC,"Sundaram, K.",Dravida Munetra Kazhagam,"1,66,812","1,18,907",71.30%,"7,607",4.56
Thiruvottiyur,17,GEN,"Palanisamy, T.K.",Dravida Munetra Kazhagam,"2,25,272","1,51,160",67.10%,"21,072",9.35
Villivakkam,18,GEN,"Varadarajan, W.R.",Communist Party Of India (MARXIST),"3,43,571","2,15,573",62.70%,"59,421",17.3
Alandur,19,GEN,C. Shanmugam,Dravida Munetra Kazhagam,"2,49,164","1,61,261",64.70%,"26,009",10.44
Tambaram,20,GEN,"Vaithlyaligam, M.A.",Dravida Munetra Kazhagam,"3,05,128","1,94,481",63.70%,"46,261",15.16
Tirupporur,21,SC,"Thirumurthy, D.",Dravida Munetra Kazhagam,"1,40,584","84,641",60.20%,"3,512",2.5
Chengalpattu,22,GEN,V. Tamilmani,Dravida Munetra Kazhagam,"1,41,410","86,983",61.50%,"16,341",11.56
Maduranthakam,23,GEN,"Ugamchand, S.D.",All India Anna Dravida Munnetra Kazhagam(JAYALALITA GROUP),"1,34,445","94,343",70.20%,"3,508",2.61
Acharapakkam,24,SC,"Ramakrishnan, E.",Dravida Munetra Kazhagam,"1,24,447","80,973",65.10%,"27,893",22.41
Uthiramerur,25,GEN,"Sundar, K.",Dravida Munetra Kazhagam,"1,50,706","92,366",61.30%,"11,129",7.38
Kancheepuram,26,GEN,"Murugesan, P.",Dravida Munetra Kazhagam,"1,59,038","1,15,031",72.30%,"21,413",13.46
Sriperumbudur,27,SC,E. Kothandam,Dravida Munetra Kazhagam,"1,43,453","93,013",64.80%,"6,390",4.45
Poonamallee,28,GEN,"Masilamani, T.R.",Dravida Munetra Kazhagam,"1,84,163","1,23,888",67.30%,"29,295",15.91
Tiruvallur,29,GEN,S.R. Munirathinam,Dravida Munetra Kazhagam,"1,36,072","97,487",71.60%,"22,239",16.34
Tiruttani,30,GEN,"Natarajan, P.",Dravida Munetra Kazhagam,"1,38,174","86,844",62.90%,"9,123",6.6
Pallipet,31,GEN,"Eakambara Reddy, A.",Indian National Congress,"1,38,436","1,01,732",73.50%,"4,377",3.16
Arkonam,32,SC,V.K. Raju,Dravida Munetra Kazhagam,"1,54,062","92,795",60.20%,"21,973",14.26
Sholinghur,33,GEN,A.M. Munirathinam,Indian National Congress,"1,43,254","87,585",61.10%,"5,258",3.67
Ranipet,34,GEN,"Hassain, J.",Independent,"1,64,533","94,498",57.40%,"3,940",2.39
Arcot,35,GEN,"Gajapathy, T.R.",Dravida Munetra Kazhagam,"1,29,768","97,440",75.10%,"14,305",11.02
Katpadi,36,GEN,Duraimurugan,Dravida Munetra Kazhagam,"1,45,879","1,01,689",69.70%,"19,837",13.6
Gudiyatham,37,GEN,Sundaram K.R.,Communist Party Of India (MARXIST),"1,33,687","96,222",72.00%,"2,079",1.56
Pernambut,38,SC,"Govindan, V.",Dravida Munetra Kazhagam,"1,39,817","1,00,701",72.00%,"11,446",8.19
Vaniayambadi,39,GEN,"Abdul Samad, P.",Dravida Munetra Kazhagam,"1,46,684","98,271",67.00%,"17,109",11.66
Natrampalli,40,GEN,"Mahendran, R.",Dravida Munetra Kazhagam,"1,60,322","1,17,199",73.10%,"9,581",5.98
Tiruppattur,41,GEN,"Sundaram, B.",Dravida Munetra Kazhagam,"1,59,767","1,16,291",72.80%,"13,457",8.42
Chengam,42,SC,"Settu, M.",Janta Party,"1,28,945","77,898",60.40%,"3,912",3.03
Thandarambattu,43,GEN,"Ponnumudi, D.",Dravida Munetra Kazhagam,"1,36,462","1,07,700",78.90%,"19,529",14.31
Tiruvannamalai,44,GEN,"Pitchandi, K.",Dravida Munetra Kazhagam,"1,50,265","1,07,715",71.70%,"34,402",22.89
Kalasapakkam,45,GEN,"Thiruvengadam, P.S.",Dravida Munetra Kazhagam,"1,40,054","1,01,236",72.30%,"21,695",15.49
Polur,46,GEN,A. Rajendran,Dravida Munetra Kazhagam,"1,32,966","83,454",62.80%,"10,144",7.63
Anaicut,47,GEN,S.P. Kannan,Dravida Munetra Kazhagam,"1,40,696","73,925",52.50%,"2,823",2.01
Vellore,48,GEN,"Devaraj, V.M.",Dravida Munetra Kazhagam,"1,64,678","1,08,377",65.80%,"19,360",11.76
Arni,49,GEN,"Dayalan, A.C.",Dravida Munetra Kazhagam,"1,42,709","1,09,596",76.80%,"7,667",5.37
Cheyyar,50,GEN,V. Anbalagan,Dravida Munetra Kazhagam,"1,39,998","1,01,639",72.60%,"23,383",16.7
Vandavasi,51,SC,"Dhanaraj, V.",Dravida Munetra Kazhagam,"1,47,671","82,677",56.00%,"14,088",9.54
Peranamallur,52,GEN,R. Ettiyappan,Dravida Munetra Kazhagam,"1,42,908","93,400",65.40%,"17,320",12.12
Melmalayanur,53,GEN,"Panchatcharam, R.",Dravida Munetra Kazhagam,"1,41,778","1,02,475",72.30%,"12,787",9.02
Gingee,54,GEN,"Ramachandiran, N.",Dravida Munetra Kazhagam,"1,48,045","93,298",63.00%,"22,630",15.29
Tindivanam,55,GEN,"Masilamani, R.",Dravida Munetra Kazhagam,"1,29,844","83,676",64.40%,"10,755",8.28
Vanur,56,SC,"Marimuthu, A.",Dravida Munetra Kazhagam,"1,50,426","91,054",60.50%,"22,012",14.63
Kandamangalam,57,SC,"Alaguvelu, S.",Dravida Munetra Kazhagam,"1,49,262","89,241",59.80%,"25,191",16.88
Villupuram,58,GEN,"Deivasigamani (A) Ponmudi, K.",Dravida Munetra Kazhagam,"1,56,154","97,625",62.50%,"22,765",14.58
Mugaiyur,59,GEN,"Sampath, A.G.",Dravida Munetra Kazhagam,"1,37,681","98,835",71.80%,"13,986",10.16
Thirunavalur,60,GEN,"Balasubramaniyan, A.V.",Dravida Munetra Kazhagam,"1,29,141","96,532",74.70%,"17,308",13.4
Ulundurpet,61,SC,K. Angamuthu,Dravida Munetra Kazhagam,"1,59,159","1,10,319",69.30%,"11,905",7.48
Nellikuppam,62,GEN,C. Govindarajan,Communist Party Of India (MARXIST),"1,30,637","84,356",64.60%,"11,429",8.75
Cuddalore,63,GEN,"Pugazhendi, E.",Dravida Munetra Kazhagam,"1,49,592","1,01,623",67.90%,"20,382",13.63
Panruti,64,GEN,Nanda Gopalakirutinan K.,Dravida Munetra Kazhagam,"1,32,406","95,435",72.10%,"34,908",26.36
Kurinjipadi,65,GEN,"Ganeshmurthy, N.",Dravida Munetra Kazhagam,"1,48,195","97,273",65.60%,"28,844",19.46
Bhuvanagiri,66,GEN,"Sivalogam, S.",Dravida Munetra Kazhagam,"1,34,779","86,712",64.30%,"21,877",16.23
Kattumannarkoil,67,SC,A. Thangaraju,Independent,"1,23,447","79,791",64.60%,"3,841",3.11
Chidambaram,68,GEN,"Krishnamoorthy, D.",Dravida Munetra Kazhagam,"1,27,893","86,451",67.60%,"16,720",13.07
Vridhachalam,69,GEN,"Bhuvarahan, G.",Janta Party,"1,48,003","95,204",64.30%,"14,536",9.82
Mangalore,70,SC,Ganesan V.,Dravida Munetra Kazhagam,"1,54,870","95,597",61.70%,"20,759",13.4
Rishivandiam,71,GEN,Ekal M. Netesa Vdyar,Dravida Munetra Kazhagam,"1,30,994","1,05,262",80.40%,"5,961",4.55
Chinnasalem,72,GEN,"Udhayasuriyan, T.",Dravida Munetra Kazhagam,"1,38,166","1,03,765",75.10%,"13,538",9.8
Sankarapuram,73,GEN,"Muthaiyan, M.",Dravida Munetra Kazhagam,"1,44,101","1,10,321",76.60%,"10,017",6.95
Hosur,74,GEN,N. Ramachandra Reddy,Indian National Congress,"1,52,293","98,779",64.90%,"2,061",1.35
Thalli,75,GEN,D.C. Vijayendriah,Janta Party,"1,33,588","89,191",66.80%,"20,963",15.69
Kaveripattinam,76,GEN,V.C. Govindasami,Dravida Munetra Kazhagam,"1,38,478","1,04,074",75.20%,"3,984",2.88
Krishnagiri,77,GEN,"Kanchana, K.",Dravida Munetra Kazhagam,"1,36,299","93,102",68.30%,"13,986",10.26
Bargur,78,GEN,"Rajendran, K.R.",All India Anna Dravida Munnetra Kazhagam(JAYALALITA GROUP),"1,43,564","1,03,604",72.20%,"1,029",0.72
Harur,79,SC,"Annamalai, M.",Communist Party Of India (MARXIST),"1,60,709","91,535",57.00%,"1,877",1.17
Morappur,80,GEN,"Mullaiventhan, V.",Dravida Munetra Kazhagam,"1,33,712","85,576",64.00%,"8,507",6.36
Palacode,81,GEN,"Madhapan, K.",All India Anna Dravida Munnetra Kazhagam(JAYALALITA GROUP),"1,45,254","98,521",67.80%,"4,500",3.1
Dharmapuri,82,GEN,"Chinnasamy, R.",Dravida Munetra Kazhagam,"1,53,201","73,902",48.20%,"12,551",8.19
Pennagaram,83,GEN,"Nanjappan, N.",Independent,"1,47,380","75,943",51.50%,943,0.64
Mettur,84,GEN,"Sreerangan, M.",Communist Party Of India (MARXIST),"1,60,935","93,412",58.00%,"1,128",0.7
Taramangalam,85,GEN,"Arjunan, K.",All India Anna Dravida Munnetra Kazhagam(JAYALALITA GROUP),"1,52,563","63,673",41.70%,"1,653",1.08
Omalur,86,GEN,"Krishnan, C.",All India Anna Dravida Munnetra Kazhagam(JAYALALITA GROUP),"1,43,933","78,295",54.40%,"10,482",7.28
Yercaud,87,ST,C. Perumal,All India Anna Dravida Munnetra Kazhagam(JAYALALITA GROUP),"1,26,870","75,293",59.30%,"6,441",5.08
Salem-I,88,GEN,"Dhanabalan, K.R.G.",Dravida Munetra Kazhagam,"1,64,974","1,14,793",69.60%,"22,661",13.74
Salem-Ii,89,GEN,"Arumugam, S.",Dravida Munetra Kazhagam,"1,58,332","1,06,280",67.10%,"20,765",13.11
Veerapandi,90,GEN,"Venkatachalam, P.",Dravida Munetra Kazhagam,"1,68,878","1,06,959",63.30%,"4,141",2.45
Panamarathupatty,91,GEN,Sivalingam S.R.,Dravida Munetra Kazhagam,"1,47,552","96,450",65.40%,"1,825",1.24
Attur,92,GEN,"Ramasamy, A.M.",Dravida Munetra Kazhagam,"1,35,294","90,152",66.60%,"5,825",4.31
Talavasal,93,SC,S. Gunasekaran,Dravida Munetra Kazhagam,"1,50,564","97,909",65.00%,"6,079",4.04
Rasipuram,94,GEN,"Subbu, A.",Dravida Munetra Kazhagam,"1,55,741","1,12,810",72.40%,460,0.3
Sendamangalam,95,ST,"Chinnasamy, K.",All India Anna Dravida Munnetra Kazhagam(JAYALALITA GROUP),"1,55,493","99,918",64.30%,"5,037",3.24
Namakkal,96,SC,P. Duraisamy,Dravida Munetra Kazhagam,"1,68,337","1,20,786",71.80%,"4,343",2.58
Kapilamalai,97,GEN,"Mani, K.A.",All India Anna Dravida Munnetra Kazhagam(JAYALALITA GROUP),"1,53,675","1,13,914",74.10%,"8,466",5.51
Tiruchengode,98,GEN,"Ramasamy, V.",Communist Party Of India (MARXIST),"2,32,631","1,55,812",67.00%,"18,088",7.78
Sankari,99,SC,"Varadarajan, R.",Dravida Munetra Kazhagam,"1,74,383","1,06,487",61.10%,"7,869",4.51
Edapadi,100,GEN,Palaniswami. K.,All India Anna Dravida Munnetra Kazhagam(JAYALALITA GROUP),"1,78,702","95,095",53.20%,"1,364",0.76
Mettupalayam,101,GEN,"Gopalakrishnan, V.",Indian National Congress,"1,65,095","1,24,299",75.30%,"7,160",4.34
Avanashi,102,SC,"Annanambi, R.",All India Anna Dravida Munnetra Kazhagam(JAYALALITA GROUP),"2,44,291","1,07,333",43.90%,"2,158",0.88
Thondamuthur,103,GEN,"Vellingiri, U.K.",Communist Party Of India (MARXIST),"2,23,266","1,51,869",68.00%,"21,603",9.68
Singanallur,104,GEN,Era Mohan,Dravida Munetra Kazhagam,"1,83,302","1,31,737",71.90%,"38,238",20.86
Coimbatore West,105,GEN,"Ramanathan, M.",Dravida Munetra Kazhagam,"1,28,999","91,689",71.10%,"25,685",19.91
Coimbatore East,106,GEN,"Ramani, K.",Communist Party Of India (MARXIST),"1,44,236","96,490",66.90%,"8,125",5.63
Perur,107,GEN,"Natarajan, A.",Dravida Munetra Kazhagam,"1,92,421","1,38,869",72.20%,"29,933",15.56
Kinathukkadavu,108,GEN,"Kandasamy, K.",Dravida Munetra Kazhagam,"1,32,646","1,01,183",76.30%,"14,073",10.61
Pollachi,109,GEN,V.P. Chandrasekar,All India Anna Dravida Munnetra Kazhagam(JAYALALITA GROUP),"1,56,063","1,14,393",73.30%,"3,774",2.42
Valparai,110,SC,P. Lakshmi,All India Anna Dravida Munnetra Kazhagam(JAYALALITA GROUP),"1,24,811","92,342",74.00%,"6,672",5.35
Udumalpet,111,GEN,"Sadiqpasha, S.J.",Dravida Munetra Kazhagam,"1,61,620","1,24,423",77.00%,"8,405",5.2
Dharapuram,112,SC,"Santhakumari, T.",Dravida Munetra Kazhagam,"1,44,747","1,03,687",71.60%,"1,436",0.99
Vellakoil,113,GEN,Durai Ramasamy,All India Anna Dravida Munnetra Kazhagam(JAYALALITA GROUP),"1,44,979","1,13,601",78.40%,"5,380",3.71
Pongalur,114,GEN,"Balasubramoniyam, S.R.",Indian National Congress,"1,30,422","1,00,882",77.40%,440,0.34
Palladam,115,GEN,"Kanappan, M.",Dravida Munetra Kazhagam,"1,59,768","1,18,406",74.10%,"13,576",8.5
Tiruppur,116,GEN,"Govindasamy, C.",Communist Party Of India (MARXIST),"2,22,283","1,64,303",73.90%,"17,379",7.82
Kangayam,117,GEN,"Marappan, P.",All India Anna Dravida Munnetra Kazhagam(JAYALALITA GROUP),"1,48,106","1,11,104",75.00%,"7,671",5.18
Modakurichi,118,GEN,"Ganesamoorthy, A.",Dravida Munetra Kazhagam,"1,72,990","1,33,933",77.40%,"16,007",9.25
Perundurai,119,GEN,V.N. Subramanian Son Of Nachmuthu Gounder,All India Anna Dravida Munnetra Kazhagam(JAYALALITA GROUP),"1,50,170","1,16,132",77.30%,"14,698",9.79
Erode,120,GEN,Subbulakshmi Jagadesan,Dravida Munetra Kazhagam,"2,37,642","1,66,391",70.00%,"22,198",9.34
Bhavani,121,GEN,G.G. Gurumoorthy,Independent,"1,40,948","88,362",62.70%,"16,853",11.96
Andhiyur,122,SC,"Perisamy, V.",All India Anna Dravida Munnetra Kazhagam(JAYALALITA GROUP),"1,32,166","73,411",55.50%,"1,962",1.48
Gobichettipalayam,123,GEN,"Sengottayan, K.A.",All India Anna Dravida Munnetra Kazhagam(JAYALALITA GROUP),"1,31,675","99,717",75.70%,"14,244",10.82
Bhavanisagar,124,GEN,"Chinnasamy, V.K.",All India Anna Dravida Munnetra Kazhagam(JAYALALITA GROUP),"1,40,475","1,08,724",77.40%,"7,420",5.28
Sathyamangalam,125,GEN,"Subramaniam, T.K.",Dravida Munetra Kazhagam,"1,34,394","99,275",73.90%,"1,087",0.81
Coonoor,126,SC,"Thangavel, N.",Dravida Munetra Kazhagam,"1,38,919","98,506",70.90%,"11,160",8.03
Ootacamund,127,GEN,Raju H.M.,Indian National Congress,"1,41,234","98,433",69.70%,806,0.57
Gudalur,128,GEN,"Kareem, M.K.",Indian National Congress,"1,58,479","1,16,087",73.30%,"1,280",0.81
Palani,129,SC,N. Palanivel,Communist Party Of India (MARXIST),"1,50,829","1,05,722",70.10%,"2,855",1.89
Oddanchatram,130,GEN,P. Kaliappan,Dravida Munetra Kazhagam,"1,47,504","1,09,360",74.10%,"5,841",3.96
Periyakulam,131,GEN,L.Mookaiah,Dravida Munetra Kazhagam,"1,51,319","1,05,072",69.40%,"5,593",3.7
Theni,132,GEN,"Ponnu Pillai, G.",Dravida Munetra Kazhagam,"1,56,724","1,18,591",75.70%,780,0.5
Bodinayakkanur,133,GEN,J Jayalalitha,All India Anna Dravida Munnetra Kazhagam(JAYALALITA GROUP),"1,50,663","1,07,373",71.30%,"28,731",19.07
Cumbum,134,GEN,Eramakrishnan,Dravida Munetra Kazhagam,"1,53,077","1,14,982",75.10%,"15,385",10.05
Andipatti,135,GEN,"Asayan, P.",Dravida Munetra Kazhagam,"1,52,247","1,07,953",70.90%,"4,221",2.77
Sedapatti,136,GEN,"Athiyaman, A.",Dravida Munetra Kazhagam,"1,34,643","94,957",70.50%,"6,536",4.85
Thirumangalam,137,GEN,"Saminathan, R.",Dravida Munetra Kazhagam,"1,43,792","97,862",68.10%,"4,055",2.82
Usilampatti,138,GEN,"Vallarasu, P.N.",Dravida Munetra Kazhagam,"1,38,949","88,057",63.40%,"13,591",9.78
Nilakottai,139,SC,"Ponnammal, A.S.",Indian National Congress,"1,43,421","1,00,641",70.20%,692,0.48
Sholavandan,140,GEN,"Radhakrishnan, D.",Dravida Munetra Kazhagam,"1,32,766","1,00,398",75.60%,"5,259",3.96
Tirupparankundram,141,GEN,C. Ramachandran,Dravida Munetra Kazhagam,"2,17,285","1,50,572",69.30%,"29,976",13.8
Madurai West,142,GEN,Ponmuthuramalingam,Dravida Munetra Kazhagam,"1,56,215","1,04,313",66.80%,"19,492",12.48
Madurai Central,143,GEN,"Paulraj, S.",Dravida Munetra Kazhagam,"1,26,260","85,351",67.60%,"11,146",8.83
Madurai East,144,GEN,"Eradha, S.R.",All India Anna Dravida Munnetra Kazhagam,"1,26,225","83,973",66.50%,"13,323",10.55
Samayanallur,145,SC,N. Soundarapandian,Dravida Munetra Kazhagam,"2,12,675","1,43,340",67.40%,"15,950",7.5
Melur,146,GEN,"Ranamanickam, K.V.V.",Indian National Congress,"1,59,210","1,15,420",72.50%,"8,650",5.43
Natham,147,GEN,"Andi Ambalam, M.",Indian National Congress,"1,36,669","1,02,008",74.60%,"5,452",3.99
Dindigul,148,GEN,S.A. Thangarajan,Communist Party Of India (MARXIST),"1,84,923","1,25,979",68.10%,"17,802",9.63
Athoor,149,GEN,"Periasamy., I.",Dravida Munetra Kazhagam,"1,68,597","1,19,041",70.60%,"3,736",2.22
Vedasandur,150,GEN,P. Muthusamy,All India Anna Dravida Munnetra Kazhagam(JANAKI RAMACHANDRAN),"1,80,162","1,30,533",72.50%,890,0.49
Aravakurichi,151,GEN,Ramasamy Monjanor,Dravida Munetra Kazhagam,"1,57,264","1,15,976",73.70%,"18,154",11.54
Karur,152,GEN,"Ramasamy, K.V.",Dravida Munetra Kazhagam,"1,87,737","1,43,388",76.40%,"4,502",2.4
Krishnarayapuram,153,SC,"Arivalagan, A.",All India Anna Dravida Munnetra Kazhagam(JAYALALITA GROUP),"1,49,407","1,09,645",73.40%,"10,684",7.15
Marungapuri,154,GEN,Ponnusamy K.,All India Anna Dravida Munnetra Kazhagam,"1,43,268","1,12,657",78.60%,"11,023",7.69
Kulithalai,155,GEN,A. Papa Sundaram,All India Anna Dravida Munnetra Kazhagam(JAYALALITA GROUP),"1,47,731","1,16,619",78.90%,"11,810",7.99
Thottiam,156,GEN,Kannaiyan K.,Dravida Munetra Kazhagam,"1,44,492","1,09,918",76.10%,"1,137",0.79
Uppiliapuram,157,ST,R. Mookkan,All India Anna Dravida Munnetra Kazhagam(JAYALALITA GROUP),"1,49,200","1,11,209",74.50%,"4,560",3.06
Musiri,158,GEN,"Thangavel, M.",All India Anna Dravida Munnetra Kazhagam(JAYALALITA GROUP),"1,63,070","1,29,112",79.20%,"1,449",0.89
Lalgudi,159,GEN,Nehru K. N.,Dravida Munetra Kazhagam,"1,49,269","1,20,325",80.60%,"23,188",15.53
Perambalur,160,SC,R. Pitchaimuthu,Communist Party Of India,"1,51,357","1,03,729",68.50%,431,0.28
Varahur,161,SC,"Annadurai, K.",Dravida Munetra Kazhagam,"1,37,998","86,161",62.40%,"7,324",5.31
Ariyalur,162,GEN,Arumugam T.,Dravida Munetra Kazhagam,"1,36,145","1,10,886",81.40%,"18,111",13.3
Andimadam,163,GEN,Sivasubramanian S.,Dravida Munetra Kazhagam,"1,18,892","60,655",51.00%,"13,831",11.63
Jayankondam,164,GEN,Ganesan K. C.,Dravida Munetra Kazhagam,"1,36,399","75,041",55.00%,"4,867",3.57
Srirangam,165,GEN,Venkateswara Dikshidar Y.,Janta Party,"1,67,690","1,24,294",74.10%,"8,008",4.78
Tiruchirapalli-I,166,GEN,Malaramannan A.,Dravida Munetra Kazhagam,"1,13,240","80,847",71.40%,"5,744",5.07
Tiruchirapalli-Ii,167,GEN,Anbil Poyyamozhi,Dravida Munetra Kazhagam,"1,54,172","1,02,824",66.70%,"9,793",6.35
Thiruverambur,168,GEN,Pappa Umanath,Communist Party Of India (MARXIST),"1,84,333","1,27,769",69.30%,"22,209",12.05
Sirkali,169,SC,Panneerselvam M.,Dravida Munetra Kazhagam,"1,34,525","91,336",67.90%,"22,775",16.93
Poompuhar,170,GEN,M. Mohamed Siddik,Dravida Munetra Kazhagam,"1,30,542","87,605",67.10%,"23,818",18.25
Mayuram,171,GEN,Senguttuvan A.,Dravida Munetra Kazhagam,"1,31,627","87,241",66.30%,"12,759",9.69
Kuttalam,172,GEN,R. Rajamanickam,Dravida Munetra Kazhagam,"1,35,941","1,01,974",75.00%,"24,950",18.35
Nannilam,173,SC,Manimaran M.,Dravida Munetra Kazhagam,"1,38,255","1,09,700",79.30%,"19,855",14.36
Tiruvarur,174,SC,Thambusamy V.,Communist Party Of India (MARXIST),"1,44,125","1,11,805",77.60%,"26,020",18.05
Nagapattinam,175,GEN,G. Veeraiyan,Communist Party Of India (MARXIST),"1,32,478","1,01,632",76.70%,"13,797",10.41
Vedaranyam,176,GEN,P. V. Rajendiran,Indian National Congress,"1,27,781","1,01,801",79.70%,"5,224",4.09
Tiruthuraipundi,177,SC,Palanisamy G.,Communist Party Of India,"1,47,593","1,17,236",79.40%,"8,278",5.61
Mannargudi,178,GEN,K. Ramachandran,Dravida Munetra Kazhagam,"1,44,950","1,14,935",79.30%,"2,725",1.88
Pattukkottai,179,GEN,Annadurai K.,Dravida Munetra Kazhagam,"1,45,353","1,12,701",77.50%,"14,681",10.1
Peravurani,180,GEN,Singaram R.,Indian National Congress,"1,36,856","1,14,985",84.00%,751,0.55
Orathanad,181,GEN,"Ganesan, L.",Dravida Munetra Kazhagam,"1,40,873","1,16,604",82.80%,"21,978",15.6
Thiruvonam,182,GEN,M. Ramachandran,Dravida Munetra Kazhagam,"1,42,748","1,16,166",81.40%,"12,749",8.93
Thanjavur,183,GEN,Ubayadullah S.N.M,Dravida Munetra Kazhagam,"1,59,359","1,13,784",71.40%,"34,853",21.87
Tiruvaiyaru,184,GEN,Chandraseharan Durai,Dravida Munetra Kazhagam,"1,27,844","98,427",77.00%,"10,643",8.32
Papanasam,185,GEN,G. Karuppiah Moopanar,Indian National Congress,"1,28,105","94,914",74.10%,"1,092",0.85
Valangiman,186,SC,Yasotha Chellappa,Dravida Munetra Kazhagam,"1,19,805","96,050",80.20%,"9,898",8.26
Kumbakonam,187,GEN,Mani K.S.,Dravida Munetra Kazhagam,"1,41,644","1,06,580",75.20%,"7,692",5.43
Thiruvidamarudur,188,GEN,"Ramalingam, S.",Dravida Munetra Kazhagam,"1,39,862","1,03,039",73.70%,"20,057",14.34
Thirumayam,189,GEN,V. Sobiah,Dravida Munetra Kazhagam,"1,51,912","1,08,906",71.70%,"5,744",3.78
Kolathur,190,SC,Raju V.,All India Anna Dravida Munnetra Kazhagam(JAYALALITA GROUP),"1,55,855","1,21,751",78.10%,"12,205",7.83
Pudukkottai,191,GEN,Periyannan A.,Dravida Munetra Kazhagam,"1,62,152","1,27,624",78.70%,"19,280",11.89
Alangudi,192,GEN,Chandrasekaran K.B. V.Sc.,Dravida Munetra Kazhagam,"1,58,817","1,30,009",81.90%,"4,220",2.66
Arantangi,193,GEN,"Thirunavukkarasu, S.",All India Anna Dravida Munnetra Kazhagam(JAYALALITA GROUP),"1,70,036","1,32,567",78.00%,"21,703",12.76
Tiruppattur,194,GEN,Thennarasu S.S.,Dravida Munetra Kazhagam,"1,35,939","99,524",73.20%,"10,893",8.01
Karaikudi,195,GEN,Narayanan Rm.,Dravida Munetra Kazhagam,"1,66,611","1,13,125",67.90%,"24,485",14.7
Tiruvadanai,196,GEN,Eramasamy Ambalam Kr.,Indian National Congress,"1,62,820","1,08,728",66.80%,"1,850",1.14
Ilayangudi,197,GEN,Sathiah M.,Dravida Munetra Kazhagam,"1,30,395","92,637",71.00%,"19,222",14.74
Sivaganga,198,GEN,"Manoharan, B.",Dravida Munetra Kazhagam,"1,43,895","1,01,840",70.80%,"1,768",1.23
Manamadurai,199,SC,"Duraipandi, P.",Dravida Munetra Kazhagam,"1,43,783","1,01,022",70.30%,"3,452",2.4
Paramakudi,200,SC,"Sundararaj, S.",All India Anna Dravida Munnetra Kazhagam(JAYALALITA GROUP),"1,51,860","1,04,398",68.70%,"3,414",2.25
Ramanathapuram,201,GEN,"Rajenthiran, M.S.K.",Dravida Munetra Kazhagam,"1,56,764","1,09,177",69.60%,"14,111",9
Kadaladi,202,GEN,"Ameeth Ibrahim, A.M.",Dravida Munetra Kazhagam,"1,70,792","1,09,528",64.10%,409,0.24
Mudukulathur,203,GEN,"Kather Batcha Alias Vellachamy, S.",Dravida Munetra Kazhagam,"1,58,153","94,529",59.80%,"10,404",6.58
Aruppukottai,204,GEN,"Thangapandian, V.",Dravida Munetra Kazhagam,"1,41,982","1,00,465",70.80%,"15,523",10.93
Sattur,205,GEN,S.S. Karuppasamy,Dravida Munetra Kazhagam,"1,72,451","1,27,331",73.80%,"16,062",9.31
Virudhunagar,206,GEN,"Chokkar, R.",Indian National Congress,"1,50,275","1,08,580",72.30%,"5,558",3.7
Sivakasi,207,GEN,"Seenivsan, P.",Dravida Munetra Kazhagam,"1,85,980","1,33,866",72.00%,"5,915",3.18
Srivilliputhur,208,GEN,"Thangam, A.",Dravida Munetra Kazhagam,"1,56,247","1,20,557",77.20%,"13,495",8.64
Rajapalayam,209,SC,"Rajan, V.P.",Dravida Munetra Kazhagam,"1,59,823","1,22,413",76.60%,"4,015",2.51
Vilathikulam,210,GEN,K.K. S.S. Ramachandran,All India Anna Dravida Munnetra Kazhagam(JAYALALITA GROUP),"1,34,566","94,591",70.30%,"7,996",5.94
Pottapidaram,211,SC,M. Muthiah,Dravida Munetra Kazhagam,"1,22,928","82,522",67.10%,"1,743",1.42
Koilpatti,212,GEN,"Alagarsomy, S.",Communist Party Of India,"1,43,671","1,01,058",70.30%,"3,284",2.29
Sankaranayanarkoil,213,SC,"Thangavelu, S.",Dravida Munetra Kazhagam,"1,47,593","1,08,818",73.70%,"21,989",14.9
Vasudevanallur,214,SC,"Eswaran, R.",Indian National Congress,"1,35,907","97,971",72.10%,411,0.3
Kadayanallur,215,GEN,Samsudin Alias Kathiravan,Dravida Munetra Kazhagam,"1,38,368","1,04,246",75.30%,"6,879",4.97
Tenkasi,216,GEN,"Peter Alphonse, S.",Indian National Congress,"1,43,876","1,11,533",77.50%,"6,594",4.58
Alangulam,217,GEN,Ramasubbbu S.S.,Indian National Congress,"1,40,927","1,11,933",79.40%,482,0.34
Tirunelveli,218,GEN,"Subramanian, A.L.",Dravida Munetra Kazhagam,"1,49,539","1,08,608",72.60%,"9,521",6.37
Palayamcottai,219,GEN,"Gurunathan, S.",Dravida Munetra Kazhagam,"1,51,200","1,00,754",66.60%,"2,431",1.61
Cheranmahadevi,220,GEN,"Pandian, P.N.",All India Anna Dravida Munnetra Kazhagam(JANAKI RAMACHANDRAN),"1,24,735","98,044",78.60%,700,0.56
Ambasamudram,221,GEN,"Ravi Arunan, K.",Indian National Congress,"1,25,960","93,391",74.10%,"4,103",3.26
Nanguneri,222,GEN,"Achiyur, M. Mani",Dravida Munetra Kazhagam,"1,42,173","96,397",67.80%,"1,493",1.05
Radhapuram,223,GEN,Ramani Nallathambi,Indian National Congress,"1,43,444","93,027",64.90%,"4,502",3.14
Sattangulam,224,GEN,Kumari Anathan,Indian National Congress,"1,37,325","88,110",64.20%,"1,196",0.87
Tiruchendur,225,GEN,"Kandasamy, K.P.",Dravida Munetra Kazhagam,"1,53,655","1,00,228",65.20%,"17,181",11.18
Srivaikuntam,226,GEN,"Deniel Raj, S.",Indian National Congress,"1,27,689","88,192",69.10%,"3,472",2.72
Tuticorin,227,GEN,N. Periasamy,Dravida Munetra Kazhagam,"1,80,816","1,25,982",69.70%,547,0.3
Kanniyakumari,228,GEN,"Subramonia Pillai, K.",Dravida Munetra Kazhagam,"1,40,558","97,815",69.60%,"2,339",1.66
Nagercoil,229,GEN,M. Moses,Indian National Congress,"1,56,744","1,04,688",66.80%,"6,865",4.38
Colachel,230,GEN,Pauliah-A.,Indian National Congress,"1,41,330","94,459",66.80%,"12,197",8.63
Padmanabhapuram,231,GEN,"Noor Mohmed, S.",Communist Party Of India (MARXIST),"1,25,883","79,874",63.50%,"1,314",1.04
Thiruvattar,232,GEN,"R, Nadesan",Indian National Congress,"1,29,184","87,245",67.50%,"8,109",6.28
Vilavancode,233,GEN,"Sundaradas, M.",Indian National Congress,"1,55,021","98,833",63.80%,"1,214",0.78
Killiyoor,234,GEN,"Vijayaraghavan, Pon",Independent,"1,21,736","76,906",63.20%,"9,831",8.08