﻿ac_name,ac_no,type,winning_cand,party,totelectors,totvotes,poll_percentage,margin,winning_percentage,
Royapuram,1,GEN,Jayakumar.D,All India Anna Dravida Munnetra Kazhagam,"1,56,528","78,338",50.05,13712,17.50%,
Harbour,2,GEN,Anbazhagan.K,Dravida Munetra Kazhagam,"1,29,157","51,563",39.92,336,0.70%,
Dr. Radhakrishnan Nagar,3,GEN,Sekar Babu.P.K,All India Anna Dravida Munnetra Kazhagam,"2,72,666","1,28,175",47.01,27332,21.30%,
Park Town,4,GEN,Vinayakamurthi S.G,Tamil Maanila Congress (MOOPANAR),"1,40,145","64,268",45.86,6377,9.90%,
Perambur,5,SC,Mahendran K.,Communist Party Of India (MARXIST),"2,76,886","1,32,799",47.96,17223,13.00%,
Purasawalkam,6,GEN,Ranganathan B,Dravida Munetra Kazhagam,"3,07,376","1,43,574",46.71,3802,2.60%,
Egmore,7,SC,Parithi.Ellamvazhuthi,Dravida Munetra Kazhagam,"1,55,310","69,590",44.81,86,0.10%,
Anna Nagar,8,GEN,Arcot Veeraswami .N,Dravida Munetra Kazhagam,"3,76,745","1,60,469",42.59,5578,3.50%,
Theagaraya Nagar,9,GEN,Anbazhagan.J,Dravida Munetra Kazhagam,"2,77,999","1,19,216",42.88,2499,2.10%,
Thousand Lights,10,GEN,Stalin M.K.,Dravida Munetra Kazhagam,"2,10,474","95,428",45.34,7274,7.60%,
Chepauk,11,GEN,Karunanidhi M,Dravida Munetra Kazhagam,"1,28,399","57,477",44.76,4834,8.40%,
Triplicane,12,GEN,Hussain.S.A.M.,Dravida Munetra Kazhagam,"1,62,839","70,179",43.1,3676,5.20%,
Mylapore,13,GEN,Lakshmanan.K.N,Bharatiya Janta Party,"2,88,708","1,19,385",41.35,6047,5.10%,
Saidapet,14,GEN,Perumal.V,Dravida Munetra Kazhagam,"2,79,266","1,29,080",46.22,3881,3.00%,
Gummidipundi,15,GEN,Sudarsanam.K.,All India Anna Dravida Munnetra Kazhagam,"2,09,468","1,31,096",62.59,24958,19.00%,
Ponneri,16,SC,Kannan.A.S.,Communist Party Of India,"2,43,530","1,49,148",61.24,27390,18.40%,
Thiruvottiyur,17,GEN,Arumugam.T,All India Anna Dravida Munnetra Kazhagam,"4,32,947","2,07,167",47.85,34041,16.40%,
Villivakkam,18,GEN,Nepoleon .D,Dravida Munetra Kazhagam,"8,19,547","3,41,837",41.71,9230,2.70%,
Alandur,19,GEN,Valarmathi B.,All India Anna Dravida Munnetra Kazhagam,"4,23,174","1,98,708",46.96,12596,6.30%,
Tambaram,20,GEN,Vaidialingam M.A.,Dravida Munetra Kazhagam,"7,76,058","3,22,120",41.51,5431,1.70%,
Tirupporur,21,SC,Kanitha Sampath S,All India Anna Dravida Munnetra Kazhagam,"2,35,443","1,36,750",58.08,24790,18.10%,
Chengalpattu,22,GEN,Arumugam K,Pattali Makkal Katchi,"2,04,010","1,20,628",59.13,5149,4.30%,
Maduranthakam,23,GEN,Vasudevan .P.,All India Anna Dravida Munnetra Kazhagam,"1,81,901","1,12,755",61.99,11694,10.40%,
Acharapakkam,24,SC,Selvaraj.A,Pattali Makkal Katchi,"1,67,541","1,00,793",60.16,15478,15.40%,
Uthiramerur,25,GEN,Somasundaram. V,All India Anna Dravida Munnetra Kazhagam,"1,96,375","1,30,726",66.57,27622,21.10%,
Kancheepuram,26,GEN,Thirunavukkarasu Ss,All India Anna Dravida Munnetra Kazhagam,"2,51,748","1,50,954",59.96,23603,15.60%,
Sriperumbudur,27,SC,Yasodha D,Indian National Congress,"2,22,968","1,41,515",63.47,17193,12.10%,
Poonamallee,28,GEN,Shanmugam S,Pattali Makkal Katchi,"3,06,344","1,65,864",54.14,2316,1.40%,
Tiruvallur,29,GEN,Sudharsanam.D,Tamil Maanila Congress (MOOPANAR),"1,93,411","1,11,789",57.8,19951,17.80%,
Tiruttani,30,GEN,Raviraj G,Pattali Makkal Katchi,"1,73,980","1,17,063",67.29,13874,11.90%,
Pallipet,31,GEN,Narasimhan .P.M,All India Anna Dravida Munnetra Kazhagam,"1,83,742","1,26,049",68.6,28240,22.40%,
Arkonam,32,SC,Bhavani Karunakaran .K,All India Anna Dravida Munnetra Kazhagam,"1,91,523","1,21,695",63.54,20256,16.60%,
Sholinghur,33,GEN,Vilvanathan. R,All India Anna Dravida Munnetra Kazhagam,"1,75,100","1,24,842",71.3,9795,7.80%,
Ranipet,34,GEN,Chandrasekaran M.S.,All India Anna Dravida Munnetra Kazhagam,"2,27,057","1,47,771",65.08,24963,16.90%,
Arcot,35,GEN,Neelakandan P,All India Anna Dravida Munnetra Kazhagam,"1,60,346","1,11,012",69.23,17707,16.00%,
Katpadi,36,GEN,Duraimurugan,Dravida Munetra Kazhagam,"1,93,925","1,29,854",66.96,8002,6.20%,
Gudiyatham,37,GEN,Suryakala C.M.,All India Anna Dravida Munnetra Kazhagam,"1,64,937","1,07,193",64.99,24324,22.70%,
Pernambut,38,SC,Kanagathara (Selvi). C,All India Anna Dravida Munnetra Kazhagam,"1,81,724","1,10,704",60.92,28855,26.10%,
Vaniayambadi,39,GEN,Abdul Latheef. M.,Independent,"1,94,773","1,12,346",57.68,11938,10.60%,
Natrampalli,40,GEN,Natarajan S,Pattali Makkal Katchi,"2,02,275","1,36,940",67.7,12088,8.80%,
Tiruppattur,41,GEN,Raja. T.K.,Pattali Makkal Katchi,"2,08,277","1,29,677",62.26,5761,4.40%,
Chengam,42,SC,Polur Varadhan,Indian National Congress,"1,73,711","1,11,908",64.42,12277,11.00%,
Thandarambattu,43,GEN,Velu,Dravida Munetra Kazhagam,"1,89,344","1,30,181",68.75,4837,3.70%,
Tiruvannamalai,44,GEN,Pitchandi.K.,Dravida Munetra Kazhagam,"2,23,433","1,34,433",60.17,4090,3.00%,
Kalasapakkam,45,GEN,Ramachandran.S,All India Anna Dravida Munnetra Kazhagam,"1,89,131","1,30,721",69.12,28890,22.10%,
Polur,46,GEN,Nalini Manokaran,All India Anna Dravida Munnetra Kazhagam,"1,75,601","1,16,308",66.23,10807,9.30%,
Anaicut,47,GEN,Pandurangan.K,All India Anna Dravida Munnetra Kazhagam,"1,79,523","1,09,150",60.8,21051,19.30%,
Vellore,48,GEN,Gnanasekaran.C,Tamil Maanila Congress (MOOPANAR),"2,12,486","1,15,714",54.46,11124,9.60%,
Arni,49,GEN,Ramachandran.K.,All India Anna Dravida Munnetra Kazhagam,"1,88,770","1,30,386",69.07,13482,10.30%,
Cheyyar,50,GEN,Ulagarakshagan. P.S,Pattali Makkal Katchi,"1,71,299","1,23,026",71.82,12085,9.80%,
Vandavasi,51,SC,Murugavelrajan.K,Pattali Makkal Katchi,"1,79,151","1,13,493",63.35,8871,7.80%,
Peranamallur,52,GEN,Anbalagan.A.K.S,All India Anna Dravida Munnetra Kazhagam,"1,74,454","1,15,358",66.13,8359,7.20%,
Melmalayanur,53,GEN,Tamilmozhi .R.,All India Anna Dravida Munnetra Kazhagam,"1,69,696","1,08,417",63.89,24587,22.70%,
Gingee,54,GEN,Elumalai. V,All India Anna Dravida Munnetra Kazhagam,"1,81,823","1,14,159",62.79,29086,25.50%,
Tindivanam,55,GEN,Shanmugm .C.Ve.,All India Anna Dravida Munnetra Kazhagam,"1,64,200","1,02,968",62.71,12148,11.80%,
Vanur,56,SC,Ganapathy N.,All India Anna Dravida Munnetra Kazhagam,"2,04,268","1,22,958",60.19,21349,17.40%,
Kandamangalam,57,SC,Subramanian.V,All India Anna Dravida Munnetra Kazhagam,"1,89,255","1,20,056",63.44,22628,18.80%,
Villupuram,58,GEN,Ponmudy.K,Dravida Munetra Kazhagam,"2,25,528","1,38,483",61.4,2205,1.60%,
Mugaiyur,59,GEN,Gothandaraman G.,All India Anna Dravida Munnetra Kazhagam,"1,79,691","1,12,079",62.37,10341,9.20%,
Thirunavalur,60,GEN,Gnanamoorthy.K.G.P.,All India Anna Dravida Munnetra Kazhagam,"1,66,402","1,12,609",67.67,14773,13.10%,
Ulundurpet,61,SC,Ramu.N.,All India Anna Dravida Munnetra Kazhagam,"2,13,972","1,33,222",62.26,22754,17.10%,
Nellikuppam,62,GEN,Sampath. M.C.,All India Anna Dravida Munnetra Kazhagam,"1,60,479","1,10,656",68.95,7382,6.70%,
Cuddalore,63,GEN,Pugazhendi .E,Dravida Munetra Kazhagam,"2,12,016","1,19,983",56.59,34,0.00%,
Panruti,64,GEN,Velmurugan .T.,Pattali Makkal Katchi,"1,68,037","1,22,072",72.65,5048,4.10%,
Kurinjipadi,65,GEN,Panneer Selvam M.R.K,Dravida Munetra Kazhagam,"1,94,949","1,17,298",60.17,23863,20.30%,
Bhuvanagiri,66,GEN,Arul .P.S,Independent,"1,73,785","1,10,943",63.84,3764,3.40%,
Kattumannarkoil,67,SC,Vallalperuman. P.,Dravida Munetra Kazhagam,"1,59,810","1,00,140",62.66,16517,16.50%,
Chidambaram,68,GEN,Saravanan Durai K.,Dravida Munetra Kazhagam,"1,67,006","1,03,738",62.12,11915,11.50%,
Vridhachalam,69,GEN,Govindasamy. Dr.R,Pattali Makkal Katchi,"2,02,466","1,37,442",67.88,7128,5.20%,
Mangalore,70,SC,Thirumavalavan. E.R.A,Dravida Munetra Kazhagam,"1,94,908","1,35,016",69.27,1855,1.40%,
Rishivandiam,71,GEN,Sivaraj S.,Tamil Maanila Congress (MOOPANAR),"1,74,987","1,09,080",62.34,25532,23.40%,
Chinnasalem,72,GEN,Mohan .P,All India Anna Dravida Munnetra Kazhagam,"1,83,679","1,17,934",64.21,9112,7.70%,
Sankarapuram,73,GEN,Kasampu.P.,Pattali Makkal Katchi,"1,96,533","1,26,287",64.26,1018,0.80%,
Hosur,74,GEN,Gopinath .K,Indian National Congress,"2,35,967","1,30,220",55.19,6489,5.00%,
Thalli,75,GEN,Murali Dharan.K.V.,Bharatiya Janta Party,"1,68,962","95,895",56.76,6217,6.50%,
Kaveripattinam,76,GEN,Munusamy. K.P.,All India Anna Dravida Munnetra Kazhagam,"1,87,940","1,22,836",65.36,18517,15.10%,
Krishnagiri,77,GEN,Govindarasu V.,All India Anna Dravida Munnetra Kazhagam,"1,93,656","1,15,243",59.51,21773,18.90%,
Bargur,78,GEN,Thambidurai.M,All India Anna Dravida Munnetra Kazhagam,"1,96,078","1,23,716",63.1,49306,39.90%,
Harur,79,SC,Krishnamoorthy V,Communist Party Of India,"2,25,920","1,32,849",58.8,33479,25.20%,
Morappur,80,GEN,Palaniappan. P,All India Anna Dravida Munnetra Kazhagam,"1,80,856","1,10,577",61.14,23316,21.10%,
Palacode,81,GEN,Anbalagan K.P,All India Anna Dravida Munnetra Kazhagam,"2,02,427","1,20,685",59.62,40232,33.30%,
Dharmapuri,82,GEN,Pary Mohan .K,Pattali Makkal Katchi,"2,25,468","1,20,347",53.38,10974,9.10%,
Pennagaram,83,GEN,Mani G.K.,Pattali Makkal Katchi,"1,99,848","1,11,445",55.76,14396,12.90%,
Mettur,84,GEN,Sundarambal .S,All India Anna Dravida Munnetra Kazhagam,"2,10,151","1,17,183",55.76,8135,6.90%,
Taramangalam,85,GEN,Kamaraj M.P.,Pattali Makkal Katchi,"1,95,838","1,19,476",61.01,25458,21.30%,
Omalur,86,GEN,Semmalai S,All India Anna Dravida Munnetra Kazhagam,"1,92,661","1,10,909",57.57,31602,28.50%,
Yercaud,87,ST,Elayakannu. K.T.,All India Anna Dravida Munnetra Kazhagam,"1,63,608","99,971",61.1,33985,34.00%,
Salem-I,88,GEN,Venkatajalam Se.,All India Anna Dravida Munnetra Kazhagam,"1,73,264","1,10,656",63.87,25131,22.70%,
Salem-Ii,89,GEN,Karthe M.,Pattali Makkal Katchi,"1,90,192","1,14,900",60.41,15085,13.10%,
Veerapandi,90,GEN,Selvam.S.K,All India Anna Dravida Munnetra Kazhagam,"2,06,595","1,46,751",71.03,30012,20.50%,
Panamarathupatty,91,GEN,Vijayalakahmi Palanisamy .P,All India Anna Dravida Munnetra Kazhagam,"1,95,665","1,21,915",62.31,42350,34.70%,
Attur,92,GEN,Murugesan.A.K.,All India Anna Dravida Munnetra Kazhagam,"1,71,024","1,12,245",65.63,24745,22.00%,
Talavasal,93,SC,Alagammal.V.,All India Anna Dravida Munnetra Kazhagam,"1,91,351","1,16,217",60.73,27857,24.00%,
Rasipuram,94,GEN,Sundaram P.R,All India Anna Dravida Munnetra Kazhagam,"1,88,637","1,18,536",62.84,23029,19.40%,
Sendamangalam,95,ST,Kalavathi.K,All India Anna Dravida Munnetra Kazhagam,"1,88,776","1,10,186",58.37,17815,16.20%,
Namakkal,96,SC,Jayakumar.K,Indian National Congress,"2,15,295","1,15,623",53.7,28992,25.10%,
Kapilamalai,97,GEN,Malaiyappasamy A.R.,Pattali Makkal Katchi,"1,83,691","1,16,043",63.17,4312,3.70%,
Tiruchengode,98,GEN,Ponnaiyan.C,All India Anna Dravida Munnetra Kazhagam,"3,05,346","1,81,210",59.35,44109,24.30%,
Sankari,99,SC,Dhanabal.P,All India Anna Dravida Munnetra Kazhagam,"2,09,155","1,24,640",59.59,22952,18.40%,
Edapadi,100,GEN,Ganesan. I,Pattali Makkal Katchi,"2,16,474","1,34,275",62.03,30811,22.90%,
Mettupalayam,101,GEN,Selvaraj A.K.,All India Anna Dravida Munnetra Kazhagam,"2,19,782","1,42,584",64.88,41078,28.80%,
Avanashi,102,SC,Mahalingam.S.,All India Anna Dravida Munnetra Kazhagam,"1,87,295","1,23,580",65.98,21012,17.00%,
Thondamuthur,103,GEN,Balasubramoniyan.S.R.,Tamil Maanila Congress (MOOPANAR),"3,56,986","1,91,776",53.72,28536,14.90%,
Singanallur,104,GEN,Karunakaran. K.C.,Communist Party Of India (MARXIST),"2,93,950","1,67,013",56.82,20001,12.00%,
Coimbatore West,105,GEN,Maheswari.S.,Indian National Congress,"1,40,963","78,487",55.68,10091,12.90%,
Coimbatore East,106,GEN,Lakshmanan V.K.,Tamil Maanila Congress (MOOPANAR),"1,59,063","82,711",52,3211,3.90%,
Perur,107,GEN,Krishnakumar M.A.P.A. Alias Rohini,All India Anna Dravida Munnetra Kazhagam,"3,00,569","1,70,476",56.72,35264,20.70%,
Kinathukkadavu,108,GEN,Damodaran. S.,All India Anna Dravida Munnetra Kazhagam,"1,68,931","1,11,240",65.85,33780,30.40%,
Pollachi,109,GEN,Jayaraman.V.,All India Anna Dravida Munnetra Kazhagam,"2,03,219","1,23,220",60.63,32404,26.30%,
Valparai,110,SC,Kovai Thangam.,Tamil Maanila Congress (MOOPANAR),"1,40,873","89,214",63.33,17915,20.10%,
Udumalpet,111,GEN,Shanmugavelu.C,All India Anna Dravida Munnetra Kazhagam,"2,11,445","1,38,771",65.63,39908,28.80%,
Dharapuram,112,SC,Sivakami. V.,Pattali Makkal Katchi,"1,85,498","1,12,569",60.68,22152,19.70%,
Vellakoil,113,GEN,Saminathan.M.P.,Dravida Munetra Kazhagam,"1,70,584","1,13,942",66.8,740,0.60%,
Pongalur,114,GEN,Damodaran P.V.,All India Anna Dravida Munnetra Kazhagam,"1,57,105","1,06,688",67.91,21815,20.40%,
Palladam,115,GEN,Velusamy.S.M,All India Anna Dravida Munnetra Kazhagam,"2,45,455","1,47,865",60.24,32474,22.00%,
Tiruppur,116,GEN,Sivasami. C.,All India Anna Dravida Munnetra Kazhagam,"3,97,889","2,12,417",53.39,46556,21.90%,
Kangayam,117,GEN,Selvi.M.,All India Anna Dravida Munnetra Kazhagam,"1,75,834","1,14,963",65.38,11274,9.80%,
Modakurichi,118,GEN,Ramasami P.C.,All India Anna Dravida Munnetra Kazhagam,"2,20,433","1,34,487",61.01,34212,25.40%,
Perundurai,119,GEN,Palanisamy. K.S.,All India Anna Dravida Munnetra Kazhagam,"1,91,912","1,24,647",64.95,31712,25.40%,
Erode,120,GEN,Thennarasu K.S.,All India Anna Dravida Munnetra Kazhagam,"3,21,070","1,82,191",56.74,24440,13.40%,
Bhavani,121,GEN,Karuppannan. K.C.,All India Anna Dravida Munnetra Kazhagam,"1,82,155","1,10,674",60.76,32859,29.70%,
Andhiyur,122,SC,Krishnan.R,Pattali Makkal Katchi,"1,73,432","98,269",56.66,18062,18.40%,
Gobichettipalayam,123,GEN,Ramaneedharan. S.S.,All India Anna Dravida Munnetra Kazhagam,"1,65,548","1,06,636",64.41,28945,27.10%,
Bhavanisagar,124,GEN,Chithambaram. P.,All India Anna Dravida Munnetra Kazhagam,"1,80,170","1,13,107",62.78,10275,9.10%,
Sathyamangalam,125,GEN,Kandasamy K.R.,All India Anna Dravida Munnetra Kazhagam,"1,74,264","1,03,947",59.65,33434,32.20%,
Coonoor,126,SC,Kandasamy K,Tamil Maanila Congress (MOOPANAR),"1,79,568","95,180",53,16644,17.50%,
Ootacamund,127,GEN,Raju H.M,Indian National Congress,"1,84,958","95,567",51.67,29090,30.40%,
Gudalur,128,GEN,A. Miller,All India Anna Dravida Munnetra Kazhagam,"2,29,078","1,37,290",59.93,32693,23.80%,
Palani,129,SC,Chinnasamy .M,All India Anna Dravida Munnetra Kazhagam,"1,87,939","1,14,389",60.86,20487,17.90%,
Oddanchatram,130,GEN,Chakkarapani. Ara.,Dravida Munetra Kazhagam,"1,76,900","1,14,010",64.45,1369,1.20%,
Periyakulam,131,GEN,Panneer Selvam O,All India Anna Dravida Munnetra Kazhagam,"2,03,946","1,14,486",56.14,17920,15.70%,
Theni,132,GEN,Ganesan D,All India Anna Dravida Munnetra Kazhagam,"1,99,675","1,22,979",61.59,13861,11.30%,
Bodinayakkanur,133,GEN,Ramaraj.S,All India Anna Dravida Munnetra Kazhagam,"1,81,022","1,06,957",59.09,11278,10.50%,
Cumbum,134,GEN,Ramachandran O.R,Tamil Maanila Congress (MOOPANAR),"1,82,109","1,12,013",61.51,4386,3.90%,
Andipatti,135,GEN,Thanga Tamil Selvan,All India Anna Dravida Munnetra Kazhagam,"1,91,451","1,13,150",59.1,25009,22.10%,
Sedapatti,136,GEN,Durairaj C.,All India Anna Dravida Munnetra Kazhagam,"1,48,582","95,564",64.32,18435,19.30%,
Thirumangalam,137,GEN,Kalimuthu K,All India Anna Dravida Munnetra Kazhagam,"1,68,403","1,10,277",65.48,18162,16.50%,
Usilampatti,138,GEN,Santhanam.L,All India Forward Bloc,"1,64,821","90,601",54.97,9067,10.00%,
Nilakottai,139,SC,Anbazhagan.G,All India Anna Dravida Munnetra Kazhagam,"1,75,612","1,06,325",60.55,31494,29.60%,
Sholavandan,140,GEN,Rajangam .V.R.,All India Anna Dravida Munnetra Kazhagam,"1,55,871","1,05,445",67.65,19841,18.80%,
Tirupparankundram,141,GEN,Seenivel S.M.,All India Anna Dravida Munnetra Kazhagam,"3,03,674","1,69,993",55.98,9127,5.40%,
Madurai West,142,GEN,Valarmathijebaraj.,All India Anna Dravida Munnetra Kazhagam,"2,05,790","1,00,854",49.01,708,0.70%,
Madurai Central,143,GEN,Hakeem.M.A,Tamil Maanila Congress (MOOPANAR),"1,41,907","73,917",52.09,147,0.20%,
Madurai East,144,GEN,Nanmaran .N,Communist Party Of India (MARXIST),"1,36,526","74,982",54.92,5304,7.10%,
Samayanallur,145,SC,Ponnampalam P.,All India Anna Dravida Munnetra Kazhagam,"3,54,936","1,84,293",51.92,19924,10.80%,
Melur,146,GEN,Samy.R,All India Anna Dravida Munnetra Kazhagam,"1,88,821","1,25,244",66.33,26838,21.40%,
Natham,147,GEN,Viswanathan.R.,All India Anna Dravida Munnetra Kazhagam,"1,81,487","1,12,595",62.04,10602,9.40%,
Dindigul,148,GEN,Nagalakshimi .K.,Communist Party Of India (MARXIST),"2,79,805","1,49,977",53.6,2779,1.90%,
Athoor,149,GEN,Natarajaan. P.K.T.,All India Anna Dravida Munnetra Kazhagam,"2,12,758","1,30,393",61.29,3606,2.80%,
Vedasandur,150,GEN,Andivel.P,All India Anna Dravida Munnetra Kazhagam,"2,16,457","1,33,483",61.67,19126,14.30%,
Aravakurichi,151,GEN,Liyaudeen Sait E.A,All India Anna Dravida Munnetra Kazhagam,"1,76,820","1,07,303",60.68,18326,17.10%,
Karur,152,GEN,Sivasubramanian.T.N.,Indian National Congress,"2,39,674","1,53,808",64.17,23438,15.20%,
Krishnarayapuram,153,SC,Sasikala R.,All India Anna Dravida Munnetra Kazhagam,"1,76,754","1,16,303",65.8,21549,18.50%,
Marungapuri,154,GEN,Chelliah.V.A,All India Anna Dravida Munnetra Kazhagam,"1,92,283","1,21,772",63.33,25272,20.80%,
Kulithalai,155,GEN,Pappasundaram.A,All India Anna Dravida Munnetra Kazhagam,"1,79,980","1,25,846",69.92,16766,13.30%,
Thottiam,156,GEN,Annavi .P,All India Anna Dravida Munnetra Kazhagam,"1,74,589","1,16,355",66.65,13148,11.30%,
Uppiliapuram,157,ST,Sarojaa R.,All India Anna Dravida Munnetra Kazhagam,"1,87,653","1,16,533",62.1,12351,10.60%,
Musiri,158,GEN,Malliga C.,All India Anna Dravida Munnetra Kazhagam,"2,07,941","1,37,655",66.2,1994,1.40%,
Lalgudi,159,GEN,Balan .S.M.,All India Anna Dravida Munnetra Kazhagam,"1,84,259","1,23,731",67.15,1610,1.30%,
Perambalur,160,SC,Rajarethinam.P,All India Anna Dravida Munnetra Kazhagam,"2,02,003","1,25,873",62.31,20004,15.90%,
Varahur,161,SC,Arunachalam.A,All India Anna Dravida Munnetra Kazhagam,"1,78,455","1,15,732",64.85,13904,12.00%,
Ariyalur,162,GEN,Elavazhagan. P.,All India Anna Dravida Munnetra Kazhagam,"1,82,450","1,28,385",70.37,10379,8.10%,
Andimadam,163,GEN,Guru Alias Gurunathan J.,Pattali Makkal Katchi,"1,57,834","1,12,077",71.01,27002,24.10%,
Jayankondam,164,GEN,Annadurai.S.,All India Anna Dravida Munnetra Kazhagam,"1,78,379","1,25,359",70.28,25010,20.00%,
Srirangam,165,GEN,Balasubramanian.K.K,All India Anna Dravida Munnetra Kazhagam,"2,37,683","1,37,540",57.87,12676,9.20%,
Tiruchirapalli-I,166,GEN,Paranikumor. B.,Dravida Munetra Kazhagam,"1,28,234","73,192",57.08,924,1.30%,
Tiruchirapalli-Ii,167,GEN,Anbil Periasamy,Dravida Munetra Kazhagam,"2,04,762","1,10,404",53.92,13944,12.60%,
Thiruverambur,168,GEN,Sekaran K.N.,Dravida Munetra Kazhagam,"2,62,074","1,29,510",49.42,10373,8.00%,
Sirkali,169,SC,Chandramohan.N,All India Anna Dravida Munnetra Kazhagam,"1,65,329","1,07,064",64.76,4430,4.10%,
Poompuhar,170,GEN,Renganathan.N,All India Anna Dravida Munnetra Kazhagam,"1,58,741","1,06,411",67.03,7455,7.00%,
Mayuram,171,GEN,Veerapandian.Jaga,Bharatiya Janta Party,"1,71,477","1,03,794",60.53,2452,2.40%,
Kuttalam,172,GEN,Natarajan,All India Anna Dravida Munnetra Kazhagam,"1,66,639","1,15,023",69.03,2644,2.30%,
Nannilam,173,SC,Tamizharasan C.K.,Tamil Maanila Congress (MOOPANAR),"1,71,039","1,13,763",66.51,19212,16.90%,
Tiruvarur,174,SC,Asokan. A.,Dravida Munetra Kazhagam,"1,83,974","1,22,703",66.7,1314,1.10%,
Nagapattinam,175,GEN,Jeevanantham R,All India Anna Dravida Munnetra Kazhagam,"1,67,176","1,11,719",66.83,16717,15.00%,
Vedaranyam,176,GEN,Vedarathinam .S.K,Dravida Munetra Kazhagam,"1,59,591","1,18,380",74.18,15000,12.70%,
Tiruthuraipundi,177,SC,Palanisamy . G,Communist Party Of India,"1,82,303","1,29,435",71,25059,19.40%,
Mannargudi,178,GEN,Sivapunniyam .V,Communist Party Of India,"1,85,994","1,25,269",67.35,20190,16.10%,
Pattukkottai,179,GEN,Rengarajan N.R.,Tamil Maanila Congress (MOOPANAR),"1,92,049","1,16,900",60.87,6950,5.90%,
Peravurani,180,GEN,Thirugnana Sambandham S.V.,Tamil Maanila Congress (MOOPANAR),"1,68,212","1,17,219",69.69,28659,24.40%,
Orathanad,181,GEN,Vaithilingam. R,All India Anna Dravida Munnetra Kazhagam,"1,75,921","1,19,723",68.05,19844,16.60%,
Thiruvonam,182,GEN,Rajendran. C,All India Anna Dravida Munnetra Kazhagam,"1,95,917","1,28,518",65.6,11223,8.70%,
Thanjavur,183,GEN,Ubayadullah. S.N.M,Dravida Munetra Kazhagam,"2,24,016","1,09,508",48.88,9590,8.80%,
Tiruvaiyaru,184,GEN,Ayyaru Vandayar K.,All India Anna Dravida Munnetra Kazhagam,"1,56,668","1,01,540",64.81,15689,15.50%,
Papanasam,185,GEN,Ramkumar M,Tamil Maanila Congress (MOOPANAR),"1,64,795","1,10,883",67.29,6632,6.00%,
Valangiman,186,SC,Boopathi Mariappan Tmt,All India Anna Dravida Munnetra Kazhagam,"1,42,156","94,392",66.4,23477,24.90%,
Kumbakonam,187,GEN,Mani Ko.Si.,Dravida Munetra Kazhagam,"1,96,625","1,18,427",60.23,6496,5.50%,
Thiruvidamarudur,188,GEN,Thavamani G.,All India Anna Dravida Munnetra Kazhagam,"1,67,543","1,22,334",73.02,7372,6.00%,
Thirumayam,189,GEN,Radakrishnan. M.,All India Anna Dravida Munnetra Kazhagam,"1,90,112","1,13,291",59.59,12027,10.60%,
Kolathur,190,SC,Karuppayee Dr. A.,All India Anna Dravida Munnetra Kazhagam,"2,09,726","1,30,487",62.22,46899,35.90%,
Pudukkottai,191,GEN,Dr. Vijayabasker.C,All India Anna Dravida Munnetra Kazhagam,"2,21,966","1,43,868",64.82,28183,19.60%,
Alangudi,192,GEN,Venkadachalam.A.,All India Anna Dravida Munnetra Kazhagam,"2,03,850","1,39,840",68.6,16731,12.00%,
Arantangi,193,GEN,Arasan P.,M.G.R.Anna D.M.Kazhagam,"2,21,413","1,27,205",57.45,20018,15.70%,
Tiruppattur,194,GEN,Umadhevan. Kk,All India Anna Dravida Munnetra Kazhagam,"1,46,691","98,634",67.24,9090,9.20%,
Karaikudi,195,GEN,Raja. H,Bharatiya Janta Party,"1,89,003","1,11,755",59.13,1651,1.50%,
Tiruvadanai,196,GEN,Ramasamy K.R.,Tamil Maanila Congress (MOOPANAR),"1,86,083","1,11,396",59.86,2304,2.10%,
Ilayangudi,197,GEN,Nadarajan. V.D.,All India Anna Dravida Munnetra Kazhagam,"1,52,529","94,748",62.12,4682,4.90%,
Sivaganga,198,GEN,Chandran.V,All India Anna Dravida Munnetra Kazhagam,"1,83,912","1,06,304",57.8,4273,4.00%,
Manamadurai,199,SC,Paramalai.K,Tamil Maanila Congress (MOOPANAR),"1,76,612","99,039",56.08,20857,21.10%,
Paramakudi,200,SC,Ramprabhu R,Tamil Maanila Congress (MOOPANAR),"1,81,847","1,08,424",59.62,5807,5.40%,
Ramanathapuram,201,GEN,Anwer Rhazza A,All India Anna Dravida Munnetra Kazhagam,"1,77,797","1,19,217",67.05,9112,7.60%,
Kadaladi,202,GEN,Balakrishnan.S,Tamil Maanila Congress (MOOPANAR),"1,95,964","1,06,400",54.3,6115,5.70%,
Mudukulathur,203,GEN,Patinetampatian. K,All India Anna Dravida Munnetra Kazhagam,"1,77,522","1,05,459",59.41,2669,2.50%,
Aruppukottai,204,GEN,Sivasamy K.K.,All India Anna Dravida Munnetra Kazhagam,"1,71,719","1,07,040",62.33,6152,5.70%,
Sattur,205,GEN,Ramachandran K.K.S.S.R,Dravida Munetra Kazhagam,"2,15,350","1,35,069",62.72,4415,3.30%,
Virudhunagar,206,GEN,Damodaran S.,Tamil Maanila Congress (MOOPANAR),"1,92,478","1,15,830",60.18,4017,3.50%,
Sivakasi,207,GEN,Rajagopal A,Tamil Maanila Congress (MOOPANAR),"2,56,918","1,55,379",60.48,5721,3.70%,
Srivilliputhur,208,GEN,Enbathamilan. R.T.,All India Anna Dravida Munnetra Kazhagam,"1,99,642","1,21,011",60.61,9174,7.60%,
Rajapalayam,209,SC,Rajasekar M.,All India Anna Dravida Munnetra Kazhagam,"2,03,123","1,29,779",63.89,9595,7.40%,
Vilathikulam,210,GEN,Perumal .N.K,All India Anna Dravida Munnetra Kazhagam,"1,51,571","92,282",60.88,15243,16.50%,
Pottapidaram,211,SC,Sivaperumal .A.,All India Anna Dravida Munnetra Kazhagam,"1,43,277","90,875",63.43,651,0.70%,
Koilpatti,212,GEN,Rajendran .S.,Communist Party Of India,"1,93,861","1,13,785",58.69,9039,7.90%,
Sankaranayanarkoil,213,SC,Karuppasamy C.,All India Anna Dravida Munnetra Kazhagam,"1,85,591","1,19,522",64.4,9262,7.70%,
Vasudevanallur,214,SC,Easwaran R,Tamil Maanila Congress (MOOPANAR),"1,67,586","1,02,165",60.96,11552,11.30%,
Kadayanallur,215,GEN,Subbiah Pandian.M.,All India Anna Dravida Munnetra Kazhagam,"1,74,540","1,05,881",60.66,1244,1.20%,
Tenkasi,216,GEN,Annamalai.K.,All India Anna Dravida Munnetra Kazhagam,"1,90,762","1,21,695",63.79,8792,7.20%,
Alangulam,217,GEN,Rajendran .P.G.,All India Anna Dravida Munnetra Kazhagam,"1,82,877","1,19,555",65.37,4111,3.40%,
Tirunelveli,218,GEN,Nainar Nagendran.,All India Anna Dravida Munnetra Kazhagam,"1,96,785","1,04,537",53.12,722,0.70%,
Palayamcottai,219,GEN,Mohideen Khan.T.P.M,Dravida Munetra Kazhagam,"2,14,114","1,05,303",49.18,14748,14.00%,
Cheranmahadevi,220,GEN,Paul Manoj Pandian.P.H.,All India Anna Dravida Munnetra Kazhagam,"1,54,502","93,202",60.32,10975,11.80%,
Ambasamudram,221,GEN,Sakthivel Murugan.M.,All India Anna Dravida Munnetra Kazhagam,"1,54,974","89,639",57.84,4020,4.50%,
Nanguneri,222,GEN,Manickaraj.S.,All India Anna Dravida Munnetra Kazhagam,"1,74,269","90,490",51.93,9161,10.10%,
Radhapuram,223,GEN,Appavu .M,Independent,"1,81,038","98,285",54.29,18281,18.60%,
Sattangulam,224,GEN,Maninadar .S.S,Tamil Maanila Congress (MOOPANAR),"1,71,481","77,651",45.28,5766,7.40%,
Tiruchendur,225,GEN,Anitha.R. Radhakrishnan.,All India Anna Dravida Munnetra Kazhagam,"1,91,358","99,999",52.26,11193,11.20%,
Srivaikuntam,226,GEN,Shunmuganathan.S.P,All India Anna Dravida Munnetra Kazhagam,"1,61,095","85,376",53,2886,3.40%,
Tuticorin,227,GEN,Rajammal.S,All India Anna Dravida Munnetra Kazhagam,"2,85,292","1,42,621",49.99,16186,11.30%,
Kanniyakumari,228,GEN,Thalavaisundaram.N,All India Anna Dravida Munnetra Kazhagam,"1,88,205","1,08,447",57.62,9536,8.80%,
Nagercoil,229,GEN,Austin,M.G.R.Anna D.M.Kazhagam,"2,19,583","1,10,245",50.21,3662,3.30%,
Colachel,230,GEN,Pachamal T.,All India Anna Dravida Munnetra Kazhagam,"1,83,117","91,623",50.04,15089,16.50%,
Padmanabhapuram,231,GEN,Raajendraprasad.K.P,All India Anna Dravida Munnetra Kazhagam,"1,63,430","84,370",51.62,2774,3.30%,
Thiruvattar,232,GEN,Hemachandran.J.,Communist Party Of India (MARXIST),"1,69,027","95,546",56.53,19497,20.40%,
Vilavancode,233,GEN,Mony.D.,Communist Party Of India (MARXIST),"2,02,315","1,04,113",51.46,22919,22.00%,
Killiyoor,234,GEN,Kumaradas Dr.,Tamil Maanila Congress (MOOPANAR),"1,59,720","81,570",51.07,13760,16.90%,
,,,,,,,,,,
,,,,,,,,,,
,,,,,,,,,,
,,,,,,,,,,
,,,,,,,,,,
,,,,,,,,,,
,,,,,,,,,,
,,,,,,,,,,
,,,,,,,,,,
,,,,,,,,,,
,,,,,,,,,,
,,,,,,,,,,
,,,,,,,,,,
,,,,,,,,,,
,,,,,,,,,,
,,,,,,,,,,
,,,,,,,,,,
,,,,,,,,,,
,,,,,,,,,,
,,,,,,,,,,
,,,,,,,,,,
,,,,,,,,,,
,,,,,,,,,,
,,,,,,,,,,
,,,,,,,,,,
,,,,,,,,,,
,,,,,,,,,,
,,,,,,,,,,
,,,,,,,,,,
,,,,,,,,,,
,,,,,,,,,,
,,,,,,,,,,
,,,,,,,,,,
,,,,,,,,,,
,,,,,,,,,,
,,,,,,,,,,
,,,,,,,,,,
,,,,,,,,,,
,,,,,,,,,,
,,,,,,,,,,
,,,,,,,,,,
,,,,,,,,,,
,,,,,,,,,,
,,,,,,,,,,
,,,,,,,,,,
,,,,,,,,,,
,,,,,,,,,,
,,,,,,,,,,
,,,,,,,,,,
,,,,,,,,,,
,,,,,,,,,,
,,,,,,,,,,
,,,,,,,,,,
,,,,,,,,,,
,,,,,,,,,,
,,,,,,,,,,
,,,,,,,,,,
,,,,,,,,,,
,,,,,,,,,,
,,,,,,,,,,
,,,,,,,,,,
,,,,,,,,,,
,,,,,,,,,,
,,,,,,,,,,
,,,,,,,,,,
,,,,,,,,,,
,,,,,,,,,,
,,,,,,,,,,
,,,,,,,,,,
,,,,,,,,,,
,,,,,,,,,,
,,,,,,,,,,
,,,,,,,,,,
,,,,,,,,,,
,,,,,,,,,,
,,,,,,,,,,
,,,,,,,,,,
,,,,,,,,,,
,,,,,,,,,,
,,,,,,,,,,
,,,,,,,,,,
,,,,,,,,,,
,,,,,,,,,,
,,,,,,,,,,
,,,,,,,,,,
,,,,,,,,,,
,,,,,,,,,,
,,,,,,,,,,
,,,,,,,,,,
,,,,,,,,,,
,,,,,,,,,,
,,,,,,,,,,
,,,,,,,,,,
,,,,,,,,,,
,,,,,,,,,,
,,,,,,,,,,
,,,,,,,,,,
,,,,,,,,,,
,,,,,,,,,,
,,,,,,,,,,
,,,,,,,,,,
,,,,,,,,,,
,,,,,,,,,,
,,,,,,,,,,
,,,,,,,,,,
,,,,,,,,,,
,,,,,,,,,,
,,,,,,,,,,
,,,,,,,,,,
,,,,,,,,,,
,,,,,,,,,,
,,,,,,,,,,
,,,,,,,,,,
,,,,,,,,,,
,,,,,,,,,,
,,,,,,,,,,
,,,,,,,,,,
,,,,,,,,,,
,,,,,,,,,,
,,,,,,,,,,
,,,,,,,,,,
,,,,,,,,,,
,,,,,,,,,,
,,,,,,,,,,
,,,,,,,,,,
,,,,,,,,,,
,,,,,,,,,,
,,,,,,,,,,
,,,,,,,,,,
,,,,,,,,,,
,,,,,,,,,,
,,,,,,,,,,
,,,,,,,,,,
,,,,,,,,,,
,,,,,,,,,,
,,,,,,,,,,
,,,,,,,,,,
,,,,,,,,,,
,,,,,,,,,,
,,,,,,,,,,
,,,,,,,,,,
,,,,,,,,,,
,,,,,,,,,,
,,,,,,,,,,
,,,,,,,,,,
,,,,,,,,,,
,,,,,,,,,,
,,,,,,,,,,
,,,,,,,,,,
,,,,,,,,,,
,,,,,,,,,,
,,,,,,,,,,
,,,,,,,,,,
,,,,,,,,,,
,,,,,,,,,,
,,,,,,,,,,
,,,,,,,,,,
,,,,,,,,,,
,,,,,,,,,,
,,,,,,,,,,
,,,,,,,,,,
,,,,,,,,,,
,,,,,,,,,,
,,,,,,,,,,
,,,,,,,,,,
,,,,,,,,,,
,,,,,,,,,,
,,,,,,,,,,
,,,,,,,,,,
,,,,,,,,,,
,,,,,,,,,,
,,,,,,,,,,
,,,,,,,,,,
,,,,,,,,,,
,,,,,,,,,,
,,,,,,,,,,
,,,,,,,,,,
,,,,,,,,,,
,,,,,,,,,,
,,,,,,,,,,
,,,,,,,,,,
,,,,,,,,,,
,,,,,,,,,,
,,,,,,,,,,
,,,,,,,,,,
,,,,,,,,,,
,,,,,,,,,,
,,,,,,,,,,
,,,,,,,,,,
,,,,,,,,,,
,,,,,,,,,,
,,,,,,,,,,
,,,,,,,,,,
,,,,,,,,,,
,,,,,,,,,,
,,,,,,,,,,
,,,,,,,,,,
,,,,,,,,,,
,,,,,,,,,,
,,,,,,,,,,
,,,,,,,,,,
,,,,,,,,,,
,,,,,,,,,,
,,,,,,,,,,
,,,,,,,,,,
,,,,,,,,,,
,,,,,,,,,,
,,,,,,,,,,
,,,,,,,,,,
,,,,,,,,,,
,,,,,,,,,,
,,,,,,,,,,
,,,,,,,,,,
,,,,,,,,,,
,,,,,,,,,,
,,,,,,,,,,
,,,,,,,,,,
,,,,,,,,,,
,,,,,,,,,,
,,,,,,,,,,
,,,,,,,,,,
,,,,,,,,,,
,,,,,,,,,,
,,,,,,,,,,
,,,,,,,,,,
,,,,,,,,,,
,,,,,,,,,,
,,,,,,,,,,
,,,,,,,,,,
,,,,,,,,,,
,,,,,,,,,,
,,,,,,,,,,
,,,,,,,,,,
,,,,,,,,,,
,,,,,,,,,,
,,,,,,,,,,
,,,,,,,,,,
,,,,,,,,,,
,,,,,,,,,,
,,,,,,,,,,
,,,,,,,,,,
,,,,,,,,,,
,,,,,,,,,,
,,,,,,,,,,
,,,,,,,,,,
,,,,,,,,,,
,,,,,,,,,,
,,,,,,,,,,
,,,,,,,,,,
,,,,,,,,,,
,,,,,,,,,,