﻿ac_name,ac_no,type,winning_cand,party,totelectors,totvotes,poll_percentage,margin,winning_percentage,
Royapuram,1,GEN,"Jayakumar,d.",All India Anna Dravida Munnetra Kazhagam,"1,37,772","95,090",69.02,13503,14.20%,
Harbour,2,GEN,"Anbazhagan, K.",Dravida Munetra Kazhagam,"1,05,115","60,007",57.09,410,0.70%,
Dr. Radhakrishnan Nagar,3,GEN,"Sekar Babu, P.K.",All India Anna Dravida Munnetra Kazhagam,"2,39,326","1,67,730",70.08,18063,10.80%,
Park Town,4,GEN,"Srinivasan, K.",All India Anna Dravida Munnetra Kazhagam,"1,17,016","72,915",62.31,6357,8.70%,
Perambur,5,SC,"Mahendran, K.",Communist Party Of India (Marxist),"2,68,704","1,82,631",67.97,2788,1.50%,
Purasawalkam,6,GEN,"Babu, V.S.",Dravida Munetra Kazhagam,"2,94,352","1,91,680",65.12,7385,3.90%,
Egmore,7,SC,Parithi Ellamvazhuthi,Dravida Munetra Kazhagam,"1,22,297","79,326",64.86,6480,8.20%,
Anna Nagar,8,GEN,Arcot Veerasamy,Dravida Munetra Kazhagam,"3,52,829","2,17,235",61.57,12390,5.70%,
Theagaraya Nagar,9,GEN,"Kalairajan, V.P.",All India Anna Dravida Munnetra Kazhagam,"2,42,771","1,52,680",62.89,16477,10.80%,
Thousand Lights,10,GEN,"Stalin, M.K.",Dravida Munetra Kazhagam,"1,69,506","1,08,295",63.89,2468,2.30%,
Chepauk,11,GEN,"Karunanidhi, M.",Dravida Munetra Kazhagam,"1,05,252","67,082",63.73,8526,12.70%,
Triplicane,12,GEN,Bader Sayeed,All India Anna Dravida Munnetra Kazhagam,"1,32,523","85,505",64.52,2776,3.20%,
Mylapore,13,GEN,"Shekher, S.Ve.",All India Anna Dravida Munnetra Kazhagam,"2,35,246","1,47,345",62.63,1667,1.10%,
Saidapet,14,GEN,"Senthamizhan, G.",All India Anna Dravida Munnetra Kazhagam,"2,48,483","1,64,396",66.16,5905,3.60%,
Gummidipundi,15,GEN,Vijayakumar.K.S,All India Anna Dravida Munnetra Kazhagam,"1,95,425","1,56,263",79.96,229,0.10%,
Ponneri,16,SC,Balaramanan.P,All India Anna Dravida Munnetra Kazhagam,"2,48,155","1,75,234",70.61,11089,6.30%,
Thiruvottiyur,17,GEN,Samy. K.P.P,Dravida Munetra Kazhagam,"4,96,267","3,41,404",68.79,3447,1.00%,
Villivakkam,18,GEN,Ranganathan. B,Dravida Munetra Kazhagam,"9,41,112","6,11,251",64.95,30116,4.90%,
Alandur,19,GEN,"Anbarasan, T. M",Dravida Munetra Kazhagam,"4,31,953","2,84,421",65.85,17910,6.30%,
Tambaram,20,GEN,"Raja, S.R",Dravida Munetra Kazhagam,"8,72,877","5,61,918",64.38,48752,8.70%,
Tirupporur,21,SC,"Moorthy, D",Pattali Makkal Katchi,"2,47,954","1,62,708",65.62,10164,6.20%,
Chengalpattu,22,GEN,"Arumugam, K",Pattali Makkal Katchi,"1,78,466","1,27,479",71.43,10213,8.00%,
Maduranthakam,23,GEN,"Ghayathri Devi, K",Indian National Congress,"1,54,532","1,17,418",75.98,3691,3.10%,
Acharapakkam,24,SC,Sankara Valli @ Sankari Narayanan,Dravida Munetra Kazhagam,"1,46,977","1,09,003",74.16,15856,14.50%,
Uthiramerur,25,GEN,"Sundar,k",Dravida Munetra Kazhagam,"1,82,455","1,44,600",79.25,12016,8.30%,
Kancheepuram,26,GEN,"Kamalambal, P",Pattali Makkal Katchi,"2,39,201","1,72,828",72.25,11284,6.50%,
Sriperumbudur,27,SC,"Yasodha, D",Indian National Congress,"2,38,710","1,60,042",67.04,17794,11.10%,
Poonamallee,28,GEN,Sudarsanam.D,Indian National Congress,"3,36,248","2,04,112",60.7,15330,7.50%,
Tiruvallur,29,GEN,Shivaji. E.A.P,Dravida Munetra Kazhagam,"1,88,609","1,33,734",70.91,8924,6.70%,
Tiruttani,30,GEN,Hari.G,All India Anna Dravida Munnetra Kazhagam,"1,64,790","1,22,823",74.53,916,0.70%,
Pallipet,31,GEN,Raman. E.S.S,Indian National Congress,"1,73,462","1,26,680",73.03,7315,5.80%,
Arkonam,32,SC,Jaganmoorthy.M,Dravida Munetra Kazhagam,"1,90,314","1,40,786",73.98,7556,5.40%,
Sholinghur,33,GEN,"Arul Anbarasu,d",Indian National Congress,"1,80,495","1,38,114",76.52,7916,5.70%,
Ranipet,34,GEN,"Gandhi,r",Dravida Munetra Kazhagam,"2,27,170","1,68,364",74.11,32095,19.10%,
Arcot,35,GEN,Elavazhagan.K.L,Pattali Makkal Katchi,"1,60,759","1,23,711",76.95,11317,9.10%,
Katpadi,36,GEN,Duraimurugan,Dravida Munetra Kazhagam,"2,14,702","1,51,135",70.39,35147,23.30%,
Gudiyatham,37,GEN,Latha.G,Communist Party Of India (Marxist),"1,78,024","1,21,384",68.18,1650,1.40%,
Pernambut,38,SC,Chinnasamy.A,Dravida Munetra Kazhagam,"1,88,543","1,31,495",69.74,16915,12.90%,
Vaniayambadi,39,GEN,Abdul Basith.H,Dravida Munetra Kazhagam,"1,89,807","1,31,368",69.21,24184,18.40%,
Natrampalli,40,GEN,Sooriyakumar.N.K.R,Dravida Munetra Kazhagam,"2,10,823","1,54,927",73.49,17243,11.10%,
Tiruppattur,41,GEN,Raja.T.K,Pattali Makkal Katchi,"2,10,399","1,47,772",70.23,13739,9.30%,
Chengam,42,SC,Polur Varadhan M,Indian National Congress,"1,75,158","1,24,844",71.28,10200,8.20%,
Thandarambattu,43,GEN,Velu E.V,Dravida Munetra Kazhagam,"1,87,339","1,43,980",76.86,30701,21.30%,
Tiruvannamalai,44,GEN,Pitchandi K,Dravida Munetra Kazhagam,"2,15,158","1,50,105",69.77,12803,8.50%,
Kalasapakkam,45,GEN,Krishnamurthy-Agri S.s,All India Anna Dravida Munnetra Kazhagam,"1,81,980","1,42,208",78.14,7666,5.40%,
Polur,46,GEN,Vijayakumar P.S,Indian National Congress,"1,73,999","1,24,642",71.63,7544,6.10%,
Anaicut,47,GEN,Pandurangan. K,All India Anna Dravida Munnetra Kazhagam,"1,90,228","1,31,641",69.2,53,0.00%,
Vellore,48,GEN,Gnanasekaran.C,Indian National Congress,"2,07,448","1,35,370",65.25,21837,16.10%,
Arni,49,GEN,Sivanandam. R,Dravida Munetra Kazhagam,"1,84,336","1,41,135",76.56,12302,8.70%,
Cheyyar,50,GEN,Vishnuprasad M K,Indian National Congress,"1,69,494","1,35,518",79.95,4790,3.50%,
Vandavasi,51,SC,Jayaraman S P,Dravida Munetra Kazhagam,"1,74,376","1,24,365",71.32,22788,18.30%,
Peranamallur,52,GEN,Edirolimanian G,Pattali Makkal Katchi,"1,70,898","1,21,990",71.38,6688,5.50%,
Melmalayanur,53,GEN,Senthamizhselvan.P,Pattali Makkal Katchi,"1,74,345","1,23,976",71.11,11301,9.10%,
Gingee,54,GEN,Kannan.V,Dravida Munetra Kazhagam,"1,79,189","1,29,948",72.52,12933,10.00%,
Tindivanam,55,GEN,Shanmugam. C.Ve.,All India Anna Dravida Munnetra Kazhagam,"1,53,528","1,18,765",77.36,2208,1.90%,
Vanur,56,SC,Ganapathy.N.,All India Anna Dravida Munnetra Kazhagam,"2,01,206","1,40,886",70.02,4036,2.90%,
Kandamangalam,57,SC,Pushparaj. S,Dravida Munetra Kazhagam,"1,86,058","1,39,456",74.95,7375,5.30%,
Villupuram,58,GEN,Ponmudy.K,Dravida Munetra Kazhagam,"2,12,630","1,54,617",72.72,9748,6.30%,
Mugaiyur,59,GEN,Kaliyavarathan.V.A.T,Pattali Makkal Katchi,"1,88,747","1,28,304",67.98,19506,15.20%,
Thirunavalur,60,GEN,Kumaraguru. R,All India Anna Dravida Munnetra Kazhagam,"1,66,440","1,25,884",75.63,6187,4.90%,
Ulundurpet,61,SC,Thirunavukarasu.K,Dravida Munetra Kazhagam,"2,14,774","1,49,062",69.4,18784,12.60%,
Nellikuppam,62,GEN,Rajendran.Saba.,Dravida Munetra Kazhagam,"1,64,369","1,24,369",75.66,12080,9.70%,
Cuddalore,63,GEN,Iyappan.G.,Dravida Munetra Kazhagam,"1,96,095","1,40,291",71.54,6266,4.50%,
Panruti,64,GEN,Velmurugan.T.,Pattali Makkal Katchi,"1,75,294","1,43,153",81.66,148,0.10%,
Kurinjipadi,65,GEN,Panneerselvam.M.R.K.,Dravida Munetra Kazhagam,"1,67,658","1,23,719",73.79,1915,1.50%,
Bhuvanagiri,66,GEN,Selvi Ramajayam,All India Anna Dravida Munnetra Kazhagam,"1,67,859","1,27,867",76.18,14823,11.60%,
Kattumannarkoil,67,SC,Ravikumar.D.,Viduthalai Chiruthaigal Katchi,"1,52,743","1,11,245",72.83,13414,12.10%,
Chidambaram,68,GEN,Arunmozhidevan.A.,All India Anna Dravida Munnetra Kazhagam,"1,47,220","1,11,106",75.47,16810,15.10%,
Vridhachalam,69,GEN,Vijayakanth.A.,Desiya Murpokku Dravida Kazhagam,"1,97,117","1,51,752",76.99,13777,9.10%,
Mangalore,70,SC,Selvam.K,Viduthalai Chiruthaigal Katchi,"1,93,879","1,42,353",73.42,6914,4.90%,
Rishivandiam,71,GEN,Sivaraj. S,Indian National Congress,"1,86,451","1,28,194",68.75,7935,6.20%,
Chinnasalem,72,GEN,Udhayasooriyan. T,Dravida Munetra Kazhagam,"1,79,669","1,32,301",73.64,20278,15.30%,
Sankarapuram,73,GEN,Angaiyarkanni. A (SELVI),Dravida Munetra Kazhagam,"2,06,139","1,44,844",70.27,2466,1.70%,
Hosur,74,GEN,Gopinath.K,Indian National Congress,"3,12,387","2,15,476",68.98,12551,5.80%,
Thalli,75,GEN,Ramachandran T,Independent,"1,80,674","1,23,936",68.6,4595,3.70%,
Kaveripattinam,76,GEN,Meganathan T A,Pattali Makkal Katchi,"1,83,149","1,41,183",77.09,11734,8.30%,
Krishnagiri,77,GEN,Senguttuvan T,Dravida Munetra Kazhagam,"1,97,095","1,40,275",71.17,18195,13.00%,
Bargur,78,GEN,Thambidurai M,All India Anna Dravida Munnetra Kazhagam,"1,97,892","1,43,663",72.6,3208,2.20%,
Harur,79,SC,Dillibabu.P,Communist Party Of India (Marxist),"2,23,534","1,55,411",69.52,13693,8.80%,
Morappur,80,GEN,Mullaivendhan.V,Dravida Munetra Kazhagam,"1,73,038","1,26,784",73.27,13191,10.40%,
Palacode,81,GEN,Anbalagan K.P,All India Anna Dravida Munnetra Kazhagam,"1,96,330","1,50,907",76.86,4844,3.20%,
Dharmapuri,82,GEN,Velusamy. L,Pattali Makkal Katchi,"2,15,291","1,47,708",68.61,30207,20.50%,
Pennagaram,83,GEN,Periannan.P.N,Dravida Munetra Kazhagam,"2,08,084","1,49,939",72.06,26932,18.00%,
Mettur,84,GEN,Mani G K,Pattali Makkal Katchi,"1,98,408","1,38,343",69.73,11138,8.10%,
Taramangalam,85,GEN,Kannan P,Pattali Makkal Katchi,"2,00,861","1,41,764",70.58,12254,8.60%,
Omalur,86,GEN,Tamizharasu.A,Pattali Makkal Katchi,"1,88,486","1,34,410",71.31,3663,2.70%,
Yercaud,87,ST,Tamilselvan C,Dravida Munetra Kazhagam,"1,56,742","1,13,690",72.53,4107,3.60%,
Salem-I,88,GEN,Ravichandran. L.,All India Anna Dravida Munnetra Kazhagam,"2,06,400","1,56,592",75.87,12817,8.20%,
Salem-Ii,89,GEN,Arumugam S,Dravida Munetra Kazhagam,"2,50,137","1,80,642",72.22,14743,8.20%,
Veerapandi,90,GEN,Rajendran A,Dravida Munetra Kazhagam,"2,68,821","2,12,851",79.18,1638,0.80%,
Panamarathupatty,91,GEN,Rajendran R,Dravida Munetra Kazhagam,"2,09,051","1,64,254",78.57,3889,2.40%,
Attur,92,GEN,Sundaram M R,Indian National Congress,"1,60,786","1,18,449",73.67,10432,8.80%,
Talavasal,93,SC,Chinnadurai K,Dravida Munetra Kazhagam,"1,82,114","1,32,062",72.52,10049,7.60%,
Rasipuram,94,GEN,Ramaswamy.K.P,Dravida Munetra Kazhagam,"1,87,025","1,37,750",73.65,4969,3.60%,
Sendamangalam,95,ST,Ponnusamy.K,Dravida Munetra Kazhagam,"1,82,451","1,29,252",70.84,16534,12.80%,
Namakkal,96,SC,Jayakumar.K,Indian National Congress,"2,12,232","1,43,999",67.85,8099,5.60%,
Kapilamalai,97,GEN,Nedunchezhian.K,Pattali Makkal Katchi,"1,71,751","1,22,862",71.53,8947,7.30%,
Tiruchengode,98,GEN,Thanngamani.P,All India Anna Dravida Munnetra Kazhagam,"2,96,618","2,12,073",71.5,116,0.10%,
Sankari,99,SC,Duraisamy.V.P,Dravida Munetra Kazhagam,"2,10,731","1,44,693",68.66,16420,11.30%,
Edapadi,100,GEN,Kaveri V,Pattali Makkal Katchi,"2,22,666","1,69,951",76.33,6347,3.70%,
Mettupalayam,101,GEN,Chinnaraj.O.K .,All India Anna Dravida Munnetra Kazhagam,"2,04,170","1,51,547",74.23,142,0.10%,
Avanashi,102,SC,Prema.R.,All India Anna Dravida Munnetra Kazhagam,"1,90,450","1,34,556",70.65,4539,3.40%,
Thondamuthur,103,GEN,Kannappan.M.,Marumalarchi Dravida Munnetra Kazhagam,"4,20,186","2,97,700",70.85,9894,3.30%,
Singanallur,104,GEN,Chinnaswamy.R.,All India Anna Dravida Munnetra Kazhagam,"3,37,398","2,40,273",71.21,14,0.00%,
Coimbatore West,105,GEN,Malaravan.T.,All India Anna Dravida Munnetra Kazhagam,"1,40,374","1,00,682",71.72,14281,14.20%,
Coimbatore East,106,GEN,Pongalur Palanisamy.N.,Dravida Munetra Kazhagam,"1,57,364","1,09,215",69.4,6336,5.80%,
Perur,107,GEN,Velumani.S.P.,All India Anna Dravida Munnetra Kazhagam,"3,37,402","2,46,809",73.15,14235,5.80%,
Kinathukkadavu,108,GEN,Damodaran.S.,All India Anna Dravida Munnetra Kazhagam,"1,56,478","1,17,815",75.29,5150,4.40%,
Pollachi,109,GEN,Pollachi Jayaraman .V.,All India Anna Dravida Munnetra Kazhagam,"1,93,283","1,35,724",70.22,2946,2.20%,
Valparai,110,SC,Kovaithangam.N.,Indian National Congress,"1,27,872","86,326",67.51,20979,24.30%,
Udumalpet,111,GEN,Shanmugavelu.C.,All India Anna Dravida Munnetra Kazhagam,"2,07,409","1,43,617",69.24,3463,2.40%,
Dharapuram,112,SC,Prabavathi.P,Dravida Munetra Kazhagam,"1,73,547","1,24,587",71.79,4712,3.80%,
Vellakoil,113,GEN,Saminathan.M.P,Dravida Munetra Kazhagam,"1,55,431","1,17,629",75.68,17088,14.50%,
Pongalur,114,GEN,Mani.S.,Dravida Munetra Kazhagam,"1,54,492","1,14,351",74.02,53,0.00%,
Palladam,115,GEN,Velusamy.S.M.,All India Anna Dravida Munnetra Kazhagam,"2,36,223","1,67,088",70.73,5517,3.30%,
Tiruppur,116,GEN,Govindasamy.C,Communist Party Of India (Marxist),"4,28,422","2,44,208",57,11299,4.60%,
Kangayam,117,GEN,Sekar.S,Indian National Congress,"1,62,590","1,23,563",76,7296,5.90%,
Modakurichi,118,GEN,Palanisami.R.M,Indian National Congress,"1,92,274","1,46,524",76.21,3860,2.60%,
Perundurai,119,GEN,Ponnudurai.C,All India Anna Dravida Munnetra Kazhagam,"1,80,617","1,37,506",76.13,8578,6.20%,
Erode,120,GEN,Raaja.Nkk.P,Dravida Munetra Kazhagam,"3,03,864","2,14,990",70.75,10831,5.00%,
Bhavani,121,GEN,K V Ramanathan,Pattali Makkal Katchi,"1,69,720","1,26,612",74.6,5103,4.00%,
Andhiyur,122,SC,Gurusamy.S,Dravida Munetra Kazhagam,"1,59,908","1,11,199",69.54,19743,17.80%,
Gobichettipalayam,123,GEN,Sengottaiyan.K.A,All India Anna Dravida Munnetra Kazhagam,"1,57,445","1,21,548",77.2,4019,3.30%,
Bhavanisagar,124,GEN,Subramaniam.O,Dravida Munetra Kazhagam,"1,70,773","1,28,628",75.32,20016,15.60%,
Sathyamangalam,125,GEN,Dharmalingam.L.P,Dravida Munetra Kazhagam,"1,71,378","1,21,473",70.88,15894,13.10%,
Coonoor,126,SC,"Soundarapandian,a",Dravida Munetra Kazhagam,"1,47,524","95,670",64.85,5714,6.00%,
Ootacamund,127,GEN,Gopalan.B,Indian National Congress,"1,50,906","95,800",63.48,4559,4.80%,
Gudalur,128,GEN,"Ramachandhiran,k",Dravida Munetra Kazhagam,"2,10,699","1,43,356",68.04,20232,14.10%,
Palani,129,SC,Anbalakan.M,Dravida Munetra Kazhagam,"1,60,854","1,20,434",74.87,10909,9.10%,
Oddanchatram,130,GEN,Sakkarapani.R,Dravida Munetra Kazhagam,"1,59,094","1,18,897",74.73,19903,16.70%,
Periyakulam,131,GEN,Panneer Selvam.O,All India Anna Dravida Munnetra Kazhagam,"1,95,988","1,37,295",70.05,14834,10.80%,
Theni,132,GEN,Ganesan Rd,All India Anna Dravida Munnetra Kazhagam,"2,00,448","1,36,691",68.19,6983,5.10%,
Bodinayakkanur,133,GEN,Lakshmanan S,Dravida Munetra Kazhagam,"1,65,068","1,17,392",71.12,898,0.80%,
Cumbum,134,GEN,Eramakrishnan N,Marumalarchi Dravida Munnetra Kazhagam,"1,65,427","1,17,435",70.99,1958,1.70%,
Andipatti,135,GEN,J Jayalalitha,All India Anna Dravida Munnetra Kazhagam,"1,83,610","1,34,307",73.15,25186,18.80%,
Sedapatti,136,GEN,Durairaj.C,All India Anna Dravida Munnetra Kazhagam,"1,38,459","97,990",70.77,2049,2.10%,
Thirumangalam,137,GEN,Elavarasan.Veera,Marumalarchi Dravida Munnetra Kazhagam,"1,69,523","1,20,251",70.93,4144,3.40%,
Usilampatti,138,GEN,Mahendran.I,All India Anna Dravida Munnetra Kazhagam,"1,37,738","92,508",67.16,3045,3.30%,
Nilakottai,139,SC,Thenmozhi .S.,All India Anna Dravida Munnetra Kazhagam,"1,76,484","1,22,873",69.62,6284,5.10%,
Sholavandan,140,GEN,Moorthy.P,Dravida Munetra Kazhagam,"1,58,021","1,12,702",71.32,1586,1.40%,
Tirupparankundram,141,GEN,Bose.A.K,All India Anna Dravida Munnetra Kazhagam,"3,88,164","2,74,018",70.59,12686,4.60%,
Madurai West,142,GEN,Shanmugam S V,All India Anna Dravida Munnetra Kazhagam,"1,85,269","1,31,030",70.72,3467,2.60%,
Madurai Central,143,GEN,Palanivelrajan.T,Dravida Munetra Kazhagam,"1,35,020","94,232",69.79,7193,7.60%,
Madurai East,144,GEN,Nanmaran.N,Communist Party Of India (Marxist),"1,34,455","95,253",70.84,51,0.10%,
Samayanallur,145,SC,Tamilarasi.R,Dravida Munetra Kazhagam,"4,11,325","2,86,928",69.76,5644,2.00%,
Melur,146,GEN,Samy.R,All India Anna Dravida Munnetra Kazhagam,"1,90,114","1,35,292",71.16,3173,2.30%,
Natham,147,GEN,Viswanathan.R,All India Anna Dravida Munnetra Kazhagam,"1,79,371","1,33,615",74.49,3760,2.80%,
Dindigul,148,GEN,Balabarathi.K,Communist Party Of India (Marxist),"2,18,221","1,52,750",70,18949,12.40%,
Athoor,149,GEN,Periasamy.I,Dravida Munetra Kazhagam,"2,02,430","1,43,435",70.86,26561,18.50%,
Vedasandur,150,GEN,Dhandapani. M,Indian National Congress,"2,10,197","1,49,371",71.06,14758,9.90%,
Aravakurichi,151,GEN,Khaleelur Rahman.M.A.,Dravida Munetra Kazhagam,"1,34,828","1,00,789",74.75,2825,2.80%,
Karur,152,GEN,Senthil Balaji V,All India Anna Dravida Munnetra Kazhagam,"2,21,389","1,70,721",77.11,5384,3.20%,
Krishnarayapuram,153,SC,Kamaraj. P,Dravida Munetra Kazhagam,"1,61,374","1,26,055",78.11,8934,7.10%,
Marungapuri,154,GEN,Chinnasamy.C,All India Anna Dravida Munnetra Kazhagam,"1,87,713","1,35,095",71.97,2532,1.90%,
Kulithalai,155,GEN,Manickam.R,Dravida Munetra Kazhagam,"1,71,539","1,38,082",80.5,13989,10.10%,
Thottiam,156,GEN,Rajasekharan M.,Indian National Congress,"1,65,785","1,23,688",74.61,53,0.00%,
Uppiliapuram,157,ST,Rani R.,Dravida Munetra Kazhagam,"1,73,935","1,26,151",72.53,12382,9.80%,
Musiri,158,GEN,Selvaraj N,Dravida Munetra Kazhagam,"2,03,080","1,53,756",75.71,10927,7.10%,
Lalgudi,159,GEN,Soundara Pandian A.,Dravida Munetra Kazhagam,"1,74,305","1,32,221",75.86,3557,2.70%,
Perambalur,160,SC,Rajkumar.M,Dravida Munetra Kazhagam,"1,81,069","1,33,879",73.94,6638,5.00%,
Varahur,161,SC,Chanthirakasi.M,All India Anna Dravida Munnetra Kazhagam,"1,60,287","1,21,148",75.58,2543,2.10%,
Ariyalur,162,GEN,Amaramoorthy.D,Indian National Congress,"1,63,907","1,32,472",80.82,4194,3.20%,
Andimadam,163,GEN,Sivasankar.S.S,Dravida Munetra Kazhagam,"1,44,606","1,13,467",78.47,5828,5.10%,
Jayankondam,164,GEN,Rajendran.K,All India Anna Dravida Munnetra Kazhagam,"1,67,088","1,35,066",80.84,2051,1.50%,
Srirangam,165,GEN,Paranjothi M.,All India Anna Dravida Munnetra Kazhagam,"2,59,848","1,93,882",74.61,10922,5.60%,
Tiruchirapalli-I,166,GEN,Anbil Periasamy,Dravida Munetra Kazhagam,"1,17,649","86,814",73.79,10451,12.00%,
Tiruchirapalli-Ii,167,GEN,Nehru K.N.,Dravida Munetra Kazhagam,"2,11,217","1,50,019",71.03,16632,11.10%,
Thiruverambur,168,GEN,Sekaran K.N.,Dravida Munetra Kazhagam,"2,66,993","1,89,936",71.14,24762,13.00%,
Sirkali,169,SC,Pannerselvam.M,Dravida Munetra Kazhagam,"1,72,456","1,23,824",71.8,3791,3.10%,
Poompuhar,170,GEN,Periyasamy.K,Pattali Makkal Katchi,"1,61,553","1,20,017",74.29,964,0.80%,
Mayuram,171,GEN,Rajakumar.S,Indian National Congress,"1,59,101","1,15,628",72.68,1578,1.40%,
Kuttalam,172,GEN,Anbazhagan.K Kuttalam,Dravida Munetra Kazhagam,"1,67,513","1,29,125",77.08,11605,9.00%,
Nannilam,173,SC,Padmavathy .P,Communist Party Of India,"1,66,654","1,27,511",76.51,11566,9.10%,
Tiruvarur,174,SC,Mathivanan. U,Dravida Munetra Kazhagam,"1,76,537","1,35,470",76.74,26933,19.90%,
Nagapattinam,175,GEN,Marimuthu.V,Communist Party Of India (Marxist),"1,64,819","1,25,072",75.88,2344,1.90%,
Vedaranyam,176,GEN,Vedarathinam.S.K,Dravida Munetra Kazhagam,"1,59,520","1,33,076",83.42,6531,4.90%,
Tiruthuraipundi,177,SC,Ulaganathan .K.,Communist Party Of India,"1,80,937","1,37,881",76.2,22706,16.50%,
Mannargudi,178,GEN,Sivapunniyam . V,Communist Party Of India,"1,83,489","1,37,898",75.15,6958,5.00%,
Pattukkottai,179,GEN,Rengarajan.N.R,Indian National Congress,"1,76,850","1,26,021",71.26,15334,12.20%,
Peravurani,180,GEN,Veerakapilan.M.V.R,All India Anna Dravida Munnetra Kazhagam,"1,68,565","1,29,809",77.01,3606,2.80%,
Orathanad,181,GEN,Vaithilingam.R,All India Anna Dravida Munnetra Kazhagam,"1,65,978","1,28,642",77.51,3843,3.00%,
Thiruvonam,182,GEN,Mahesh Krishnasamy.T,Dravida Munetra Kazhagam,"2,00,113","1,49,991",74.95,1805,1.20%,
Thanjavur,183,GEN,Ubayadullah.S.N.M,Dravida Munetra Kazhagam,"1,85,684","1,23,302",66.4,11246,9.10%,
Tiruvaiyaru,184,GEN,Chandrasekaran.Durai,Dravida Munetra Kazhagam,"1,49,967","1,14,915",76.63,366,0.30%,
Papanasam,185,GEN,Doraikkannu.R,All India Anna Dravida Munnetra Kazhagam,"1,61,259","1,23,262",76.44,7001,5.70%,
Valangiman,186,SC,Ilamathi Subramanian,All India Anna Dravida Munnetra Kazhagam,"1,39,552","1,09,987",78.81,1633,1.50%,
Kumbakonam,187,GEN,Mani.Ko.Si,Dravida Munetra Kazhagam,"1,66,196","1,25,132",75.29,14141,11.30%,
Thiruvidamarudur,188,GEN,Bharathimohan.R.K,All India Anna Dravida Munnetra Kazhagam,"1,74,917","1,34,714",77.02,3768,2.80%,
Thirumayam,189,GEN,"Subburam, Rm",Indian National Congress,"1,62,477","1,17,989",72.62,314,0.30%,
Kolathur,190,SC,"Subramanian, N.",All India Anna Dravida Munnetra Kazhagam,"1,97,012","1,48,095",75.17,6268,4.20%,
Pudukkottai,191,GEN,"Nedunchezhian, R",All India Anna Dravida Munnetra Kazhagam,"2,02,027","1,52,508",75.49,1950,1.30%,
Alangudi,192,GEN,"Rajasekaran, S",Communist Party Of India,"1,97,741","1,52,998",77.37,9151,6.00%,
Arantangi,193,GEN,Udayam Shanmugam,Dravida Munetra Kazhagam,"2,05,474","1,44,519",70.33,17460,12.10%,
Tiruppattur,194,GEN,Periyakaruppan.K.R,Dravida Munetra Kazhagam,"2,10,399","1,47,772",70.23,5627,3.80%,
Karaikudi,195,GEN,Sundaram.N,Indian National Congress,"2,08,583","1,32,196",63.38,16246,12.30%,
Tiruvadanai,196,GEN,Ramasamy.K.R,Indian National Congress,"1,78,964","1,17,715",65.78,5253,4.50%,
Ilayangudi,197,GEN,Rajakannappan R.S,Dravida Munetra Kazhagam,"1,45,800","97,465",66.85,12706,13.00%,
Sivaganga,198,GEN,Gunasekaran S,Communist Party Of India,"1,84,172","1,15,731",62.84,6113,5.30%,
Manamadurai,199,SC,Gunasekaran.M,All India Anna Dravida Munnetra Kazhagam,"1,79,349","1,09,458",61.03,11455,10.50%,
Paramakudi,200,SC,Ramprabhu.R,Indian National Congress,"1,69,035","1,12,645",66.64,1054,0.90%,
Ramanathapuram,201,GEN,Hussan Ali.K.,Indian National Congress,"2,10,426","1,44,159",68.51,13367,9.30%,
Kadaladi,202,GEN,Thangavelan.Suba.,Dravida Munetra Kazhagam,"2,04,370","1,19,433",58.44,7556,6.30%,
Mudukulathur,203,GEN,Murugavel.K.,Dravida Munetra Kazhagam,"1,73,271","1,03,723",59.86,10521,10.10%,
Aruppukottai,204,GEN,Thangam Thennarasu,Dravida Munetra Kazhagam,"1,61,711","1,15,968",71.71,8234,7.10%,
Sattur,205,GEN,Ramachandran.K.K.S.S.R.,Dravida Munetra Kazhagam,"2,04,350","1,49,256",73.04,20845,14.00%,
Virudhunagar,206,GEN,Varadharajan.R.,Marumalarchi Dravida Munnetra Kazhagam,"1,82,473","1,30,421",71.47,4107,3.10%,
Sivakasi,207,GEN,Gnanadoss.R,Marumalarchi Dravida Munnetra Kazhagam,"2,53,957","1,83,151",72.12,9271,5.10%,
Srivilliputhur,208,GEN,Ramasamy.T,Communist Party Of India,"1,86,842","1,35,696",72.63,6616,4.90%,
Rajapalayam,209,SC,Chandra. M.,All India Anna Dravida Munnetra Kazhagam,"2,00,783","1,48,266",73.84,493,0.30%,
Vilathikulam,210,GEN,Chinnappan.P,All India Anna Dravida Munnetra Kazhagam,"1,47,823","97,226",65.77,7654,7.90%,
Pottapidaram,211,SC,Mohan.P,All India Anna Dravida Munnetra Kazhagam,"1,44,568","98,449",68.1,9444,9.60%,
Koilpatti,212,GEN,Radhakrishnan.L,All India Anna Dravida Munnetra Kazhagam,"1,76,858","1,14,480",64.73,12339,10.80%,
Sankaranayanarkoil,213,SC,Karuppasamy C,All India Anna Dravida Munnetra Kazhagam,"1,80,575","1,25,560",69.53,4442,3.50%,
Vasudevanallur,214,SC,Sadhan Thirumalai Kumar.(DR) T,Marumalarchi Dravida Munnetra Kazhagam,"1,61,517","1,13,716",70.4,6759,5.90%,
Kadayanallur,215,GEN,Peter Alphonse.S,Indian National Congress,"1,75,786","1,20,485",68.54,4314,3.60%,
Tenkasi,216,GEN,Karuppasamy Pandian.V,Dravida Munetra Kazhagam,"1,86,929","1,40,149",74.97,18658,13.30%,
Alangulam,217,GEN,Poongothai Aladiaruna,Dravida Munetra Kazhagam,"1,83,349","1,35,689",74.01,6845,5.00%,
Tirunelveli,218,GEN,Malai Raja N,Dravida Munetra Kazhagam,"1,98,312","1,42,918",72.07,606,0.40%,
Palayamcottai,219,GEN,Mohideen Khan.T.P.M.,Dravida Munetra Kazhagam,"2,32,395","1,48,900",64.07,41299,27.70%,
Cheranmahadevi,220,GEN,Veldurai.P.,Indian National Congress,"1,58,911","1,10,996",69.85,6032,5.40%,
Ambasamudram,221,GEN,Avudaiyappan . R.,Dravida Munetra Kazhagam,"1,62,742","1,08,069",66.41,15731,14.60%,
Nanguneri,222,GEN,Vasanthakumar. H,Indian National Congress,"1,59,393","1,04,675",65.67,20075,19.20%,
Radhapuram,223,GEN,Appavu. M.,Dravida Munetra Kazhagam,"1,73,633","1,13,589",65.42,10697,9.40%,
Sattangulam,224,GEN,Rani Venkatesan,Indian National Congress,"1,30,239","87,092",66.87,15508,17.80%,
Tiruchendur,225,GEN,Anitha R.Radhakrishnan,All India Anna Dravida Munnetra Kazhagam,"1,66,975","1,11,713",66.9,13916,12.50%,
Srivaikuntam,226,GEN,Selvaraj.D,Indian National Congress,"1,40,639","93,648",66.59,1632,1.70%,
Tuticorin,227,GEN,Geetha Jeevan.P,Dravida Munetra Kazhagam,"2,42,170","1,57,484",65.03,15323,9.70%,
Kanniyakumari,228,GEN,Suresh Rajan.N,Dravida Munetra Kazhagam,"1,76,033","1,26,225",71.71,10687,8.50%,
Nagercoil,229,GEN,Rajan.A,Dravida Munetra Kazhagam,"1,91,270","1,19,334",62.39,13745,11.50%,
Colachel,230,GEN,Jeyapaul.S,Indian National Congress,"1,74,762","1,07,866",61.72,21320,19.80%,
Padmanabhapuram,231,GEN,Theodare Reginald.T,Dravida Munetra Kazhagam,"1,55,950","97,286",62.38,31066,31.90%,
Thiruvattar,232,GEN,Leema Rose.R,Communist Party Of India (Marxist),"1,65,801","1,10,791",66.82,28050,25.30%,
Vilavancode,233,GEN,"John Joseph,g",Communist Party Of India (Marxist),"1,95,426","1,20,076",61.44,45074,37.50%,
Killiyoor,234,GEN,John Jacob.S,Indian National Congress,"1,54,732","92,456",59.75,26605,28.80%,
,,,,,,,,,,
,,,,,,,,,,
,,,,,,,,,,
,,,,,,,,,,
,,,,,,,,,,
,,,,,,,,,,
,,,,,,,,,,
,,,,,,,,,,
,,,,,,,,,,
,,,,,,,,,,
,,,,,,,,,,
,,,,,,,,,,
,,,,,,,,,,
,,,,,,,,,,
,,,,,,,,,,
,,,,,,,,,,
,,,,,,,,,,
,,,,,,,,,,
,,,,,,,,,,
,,,,,,,,,,
,,,,,,,,,,
,,,,,,,,,,
,,,,,,,,,,
,,,,,,,,,,
,,,,,,,,,,
,,,,,,,,,,
,,,,,,,,,,
,,,,,,,,,,
,,,,,,,,,,
,,,,,,,,,,
,,,,,,,,,,
,,,,,,,,,,
,,,,,,,,,,
,,,,,,,,,,
,,,,,,,,,,
,,,,,,,,,,
,,,,,,,,,,
,,,,,,,,,,
,,,,,,,,,,
,,,,,,,,,,
,,,,,,,,,,
,,,,,,,,,,
,,,,,,,,,,
,,,,,,,,,,
,,,,,,,,,,
,,,,,,,,,,
,,,,,,,,,,
,,,,,,,,,,
,,,,,,,,,,
,,,,,,,,,,
,,,,,,,,,,
,,,,,,,,,,
,,,,,,,,,,
,,,,,,,,,,
,,,,,,,,,,
,,,,,,,,,,
,,,,,,,,,,
,,,,,,,,,,
,,,,,,,,,,
,,,,,,,,,,
,,,,,,,,,,
,,,,,,,,,,
,,,,,,,,,,
,,,,,,,,,,
,,,,,,,,,,
,,,,,,,,,,
,,,,,,,,,,
,,,,,,,,,,
,,,,,,,,,,
,,,,,,,,,,
,,,,,,,,,,
,,,,,,,,,,
,,,,,,,,,,
,,,,,,,,,,
,,,,,,,,,,
,,,,,,,,,,
,,,,,,,,,,
,,,,,,,,,,
,,,,,,,,,,
,,,,,,,,,,
,,,,,,,,,,
,,,,,,,,,,
,,,,,,,,,,
,,,,,,,,,,
,,,,,,,,,,
,,,,,,,,,,
,,,,,,,,,,
,,,,,,,,,,
,,,,,,,,,,
,,,,,,,,,,
,,,,,,,,,,
,,,,,,,,,,
,,,,,,,,,,
,,,,,,,,,,
,,,,,,,,,,
,,,,,,,,,,
,,,,,,,,,,
,,,,,,,,,,
,,,,,,,,,,
,,,,,,,,,,
,,,,,,,,,,
,,,,,,,,,,
,,,,,,,,,,
,,,,,,,,,,
,,,,,,,,,,
,,,,,,,,,,
,,,,,,,,,,
,,,,,,,,,,
,,,,,,,,,,
,,,,,,,,,,
,,,,,,,,,,
,,,,,,,,,,
,,,,,,,,,,
,,,,,,,,,,
,,,,,,,,,,
,,,,,,,,,,
,,,,,,,,,,
,,,,,,,,,,
,,,,,,,,,,
,,,,,,,,,,
,,,,,,,,,,
,,,,,,,,,,
,,,,,,,,,,
,,,,,,,,,,
,,,,,,,,,,
,,,,,,,,,,
,,,,,,,,,,
,,,,,,,,,,
,,,,,,,,,,
,,,,,,,,,,
,,,,,,,,,,
,,,,,,,,,,
,,,,,,,,,,
,,,,,,,,,,
,,,,,,,,,,
,,,,,,,,,,
,,,,,,,,,,
,,,,,,,,,,
,,,,,,,,,,
,,,,,,,,,,
,,,,,,,,,,
,,,,,,,,,,
,,,,,,,,,,
,,,,,,,,,,
,,,,,,,,,,
,,,,,,,,,,
,,,,,,,,,,
,,,,,,,,,,
,,,,,,,,,,
,,,,,,,,,,
,,,,,,,,,,
,,,,,,,,,,
,,,,,,,,,,
,,,,,,,,,,
,,,,,,,,,,
,,,,,,,,,,
,,,,,,,,,,
,,,,,,,,,,
,,,,,,,,,,
,,,,,,,,,,
,,,,,,,,,,
,,,,,,,,,,
,,,,,,,,,,
,,,,,,,,,,
,,,,,,,,,,
,,,,,,,,,,
,,,,,,,,,,
,,,,,,,,,,
,,,,,,,,,,
,,,,,,,,,,
,,,,,,,,,,
,,,,,,,,,,
,,,,,,,,,,
,,,,,,,,,,
,,,,,,,,,,
,,,,,,,,,,
,,,,,,,,,,
,,,,,,,,,,
,,,,,,,,,,
,,,,,,,,,,
,,,,,,,,,,
,,,,,,,,,,
,,,,,,,,,,
,,,,,,,,,,
,,,,,,,,,,
,,,,,,,,,,
,,,,,,,,,,
,,,,,,,,,,
,,,,,,,,,,
,,,,,,,,,,
,,,,,,,,,,
,,,,,,,,,,
,,,,,,,,,,
,,,,,,,,,,
,,,,,,,,,,
,,,,,,,,,,
,,,,,,,,,,
,,,,,,,,,,
,,,,,,,,,,
,,,,,,,,,,
,,,,,,,,,,
,,,,,,,,,,
,,,,,,,,,,
,,,,,,,,,,
,,,,,,,,,,
,,,,,,,,,,
,,,,,,,,,,
,,,,,,,,,,
,,,,,,,,,,
,,,,,,,,,,
,,,,,,,,,,
,,,,,,,,,,
,,,,,,,,,,
,,,,,,,,,,
,,,,,,,,,,
,,,,,,,,,,
,,,,,,,,,,
,,,,,,,,,,
,,,,,,,,,,
,,,,,,,,,,
,,,,,,,,,,
,,,,,,,,,,
,,,,,,,,,,
,,,,,,,,,,
,,,,,,,,,,
,,,,,,,,,,
,,,,,,,,,,
,,,,,,,,,,
,,,,,,,,,,
,,,,,,,,,,
,,,,,,,,,,
,,,,,,,,,,
,,,,,,,,,,
,,,,,,,,,,
,,,,,,,,,,
,,,,,,,,,,