﻿ac_name,ac_no,type,district,winning_cand,party,totelectors,totvotes,poll_percentage,margin,winning_percentage,
Gummidipoondi,1,GEN,Thiruvallur,Sekar C H,Desiya Murpokku Dravida Kazhagam,"2,15,430","1,78,276",82.80%,29101,16.30%,
Ponneri,2,SC,Thiruvallur,Pon. Raja,All India Anna Dravida Munnetra Kazhagam,"2,02,421","1,63,088",80.60%,31073,19.10%,
Tiruttani,3,GEN,Thiruvallur,Arunsubramanian. M,Desiya Murpokku Dravida Kazhagam,"2,36,718","1,91,237",80.80%,23930,12.50%,
Thiruvallur,4,GEN,Thiruvallur,Ramana B.V,All India Anna Dravida Munnetra Kazhagam,"2,07,922","1,70,115",81.80%,23648,13.90%,
Poonmallae,5,SC,Thiruvallur,Manimaran R,All India Anna Dravida Munnetra Kazhagam,"2,29,436","1,81,531",79.10%,41419,22.80%,
Avadi,6,GEN,Thiruvallur,Abdul Rahim.S,All India Anna Dravida Munnetra Kazhagam,"2,77,856","1,99,538",71.80%,43238,21.70%,
Maduravoyal,7,GEN,Thiruvallur,Beem Rao. G,Communist Party Of India (MARXIST),"2,69,487","1,85,925",69.00%,24011,12.90%,
Ambattur,8,GEN,Thiruvallur,Vedhachalam. S,All India Anna Dravida Munnetra Kazhagam,"2,64,960","1,86,347",70.30%,22717,12.20%,
Madavaram,9,GEN,Thiruvallur,Moorthy V,All India Anna Dravida Munnetra Kazhagam,"2,75,590","2,07,325",75.20%,34765,16.80%,
Thiruvottiyur,10,GEN,Thiruvallur,"Kuppan, K.",All India Anna Dravida Munnetra Kazhagam,"2,21,456","1,64,716",74.40%,27291,16.60%,
Dr.Radhakrishnan Nagar,11,GEN,Chennai,Vetriivel P,All India Anna Dravida Munnetra Kazhagam,"1,95,146","1,41,942",72.70%,31255,22.00%,
Perambur,12,GEN,Chennai,Soundararajan A,Communist Party Of India (MARXIST),"2,32,333","1,62,026",69.70%,17423,10.80%,
Kolathur,13,GEN,Chennai,Stalin M.K.,Dravida Munetra Kazhagam,"2,07,990","1,41,989",68.30%,2819,2.00%,
Villivakkam,14,GEN,Chennai,Prabhakar Jcd,All India Anna Dravida Munnetra Kazhagam,"1,93,208","1,30,828",67.70%,10782,8.20%,
Thiru-Vi-Ka-Nagar,15,SC,Chennai,Neelakandan. V,All India Anna Dravida Munnetra Kazhagam,"1,81,235","1,23,807",68.30%,29341,23.70%,
Egmore,16,SC,Chennai,Nallathambi K,Desiya Murpokku Dravida Kazhagam,"1,64,759","1,11,996",68.00%,202,0.20%,
Royapuram,17,GEN,Chennai,Jayakumar. D,All India Anna Dravida Munnetra Kazhagam,"1,59,335","1,12,461",70.60%,21372,19.00%,
Harbour,18,GEN,Chennai,Karuppiah .Pala,All India Anna Dravida Munnetra Kazhagam,"1,52,784","96,475",63.10%,20317,21.10%,
Chepauk-Thiruvallikeni,19,GEN,Chennai,Anbazhagan. J,Dravida Munetra Kazhagam,"1,87,297","1,29,836",69.30%,9203,7.10%,
Thousand Lights,20,GEN,Chennai,Valarmathi. B,All India Anna Dravida Munnetra Kazhagam,"1,99,978","1,33,567",66.80%,7592,5.70%,
Anna Nagar,21,GEN,Chennai,Gokula Indira S,All India Anna Dravida Munnetra Kazhagam,"2,26,816","1,51,608",66.80%,36590,24.10%,
Virugampakkam,22,GEN,Chennai,Partha Sarathy B,Desiya Murpokku Dravida Kazhagam,"2,14,871","1,44,069",67.00%,14094,9.80%,
Saidapet,23,GEN,Chennai,Senthamizhan.G,All India Anna Dravida Munnetra Kazhagam,"2,19,001","1,54,225",70.40%,12071,7.80%,
Thiyagarayanagar,24,GEN,Chennai,Kalairajan V P,All India Anna Dravida Munnetra Kazhagam,"1,94,890","1,29,751",66.60%,32462,25.00%,
Mylapore,25,GEN,Chennai,Rajalakshmi R,All India Anna Dravida Munnetra Kazhagam,"2,15,336","1,42,882",66.40%,29204,20.40%,
Velachery,26,GEN,Chennai,Ashok M.K.,All India Anna Dravida Munnetra Kazhagam,"2,27,204","1,52,364",67.10%,31720,20.80%,
Shozhinganallur,27,GEN,Kancheepuram,K.P. Kandan,All India Anna Dravida Munnetra Kazhagam,"3,57,640","2,40,583",67.30%,66972,27.80%,
Alandur,28,GEN,Kancheepuram,S. Ramachandran,Desiya Murpokku Dravida Kazhagam,"2,39,936","1,68,135",70.10%,5754,3.40%,
Sriperumbudur,29,SC,Kancheepuram,R. Perumal,All India Anna Dravida Munnetra Kazhagam,"2,10,438","1,72,263",81.90%,40932,23.80%,
Pallavaram,30,GEN,Kancheepuram,P. Dhansingh,All India Anna Dravida Munnetra Kazhagam,"2,77,644","2,00,455",72.20%,17374,8.70%,
Tambaram,31,GEN,Kancheepuram,T. K. M. Chinneyah,All India Anna Dravida Munnetra Kazhagam,"2,54,995","1,78,230",69.90%,13984,7.80%,
Chengalpattu,32,GEN,Kancheepuram,D. Murugesan,Desiya Murpokku Dravida Kazhagam,"2,52,356","1,86,867",74.00%,291,0.20%,
Thiruporur,33,GEN,Kancheepuram,K. Manoharan,All India Anna Dravida Munnetra Kazhagam,"1,92,000","1,58,639",82.60%,18288,11.50%,
Cheyyur,34,SC,Kancheepuram,V. S . Raji,All India Anna Dravida Munnetra Kazhagam,"1,73,908","1,40,871",81.00%,26584,18.90%,
Madurantakam,35,SC,Kancheepuram,S. Kanitha,All India Anna Dravida Munnetra Kazhagam,"1,80,482","1,47,744",81.90%,18494,12.50%,
Uthiramerur,36,GEN,Kancheepuram,P. Ganesan,All India Anna Dravida Munnetra Kazhagam,"1,94,241","1,67,946",86.50%,13766,8.20%,
Kancheepuram,37,GEN,Kancheepuram,V. Somasundaram,All India Anna Dravida Munnetra Kazhagam,"2,37,820","1,92,235",80.80%,25717,13.40%,
Arakkonam,38,SC,Vellore,S.Ravi,All India Anna Dravida Munnetra Kazhagam,"1,80,049","1,41,959",78.80%,26237,18.50%,
Sholingur,39,GEN,Vellore,P.R.Manokar,Desiya Murpokku Dravida Kazhagam,"2,11,864","1,79,499",84.70%,9038,5.00%,
Katpadi,40,GEN,Vellore,Duraimurugan,Dravida Munetra Kazhagam,"1,90,454","1,51,498",79.50%,2973,2.00%,
Ranipet,41,GEN,Vellore,A.Mohammed John,All India Anna Dravida Munnetra Kazhagam,"1,98,641","1,57,749",79.40%,14201,9.00%,
Arcot,42,GEN,Vellore,R. Srinivasan,All India Anna Dravida Munnetra Kazhagam,"2,11,065","1,75,610",83.20%,19253,11.00%,
Vellore,43,GEN,Vellore,Vijay.Dr.V.S.,All India Anna Dravida Munnetra Kazhagam,"1,91,250","1,40,740",73.60%,15176,10.80%,
Anaikattu,44,GEN,Vellore,Kalaiarasu.M.,Pattali Makkal Katchi,"1,88,552","1,47,194",78.10%,27903,19.00%,
Kilvaithinankuppam,45,SC,Vellore,Thamizharasan.C.K,All India Anna Dravida Munnetra Kazhagam,"1,75,992","1,40,848",80.00%,9760,6.90%,
Gudiyattam,46,SC,Vellore,K. Lingamuthu,Communist Party Of India,"2,10,194","1,61,833",77.00%,5842,3.60%,
Vaniyambadi,47,GEN,Vellore,Sampath Kumar .Govi,All India Anna Dravida Munnetra Kazhagam,"1,87,054","1,47,405",78.80%,18225,12.40%,
Ambur,48,GEN,Vellore,Aslam Basha.A,Manithaneya Makkal Katchi,"1,76,519","1,37,149",77.70%,5091,3.70%,
Jolarpet,49,GEN,Vellore,"Veeramani, K.C.",All India Anna Dravida Munnetra Kazhagam,"1,91,688","1,56,501",81.60%,22936,14.70%,
Tirupattur,50,GEN,Vellore,K.G.Ramesh,All India Anna Dravida Munnetra Kazhagam,"1,81,888","1,49,869",82.40%,21792,14.50%,
Uthangarai,51,SC,Krishnagiri,Manoranjitham,All India Anna Dravida Munnetra Kazhagam,"1,86,853","1,53,391",82.10%,39158,25.50%,
Bargur,52,GEN,Krishnagiri,K.E.Krishnamurthi,All India Anna Dravida Munnetra Kazhagam,"1,93,531","1,58,363",81.80%,29440,18.60%,
Krishnagiri,53,GEN,Krishnagiri,K.P.Munusamy,All India Anna Dravida Munnetra Kazhagam,"2,01,912","1,60,379",79.40%,29097,18.10%,
Veppanahalli,54,GEN,Krishnagiri,T.Senguttuvan,Dravida Munetra Kazhagam,"1,85,745","1,58,504",85.30%,7604,4.80%,
Hosur,55,GEN,Krishnagiri,K. Gopinath,Indian National Congress,"2,29,476","1,72,106",75.00%,14152,8.20%,
Thalli,56,GEN,Krishnagiri,Ramachandran. T.,Communist Party Of India,"1,84,376","1,55,238",84.20%,6435,4.10%,
Palacodu,57,GEN,Dharmapuri,Anbalagan K P,All India Anna Dravida Munnetra Kazhagam,"1,80,192","1,56,258",86.70%,43213,27.70%,
Pennagaram,58,GEN,Dharmapuri,Nanjappan N,Communist Party Of India,"1,95,488","1,62,288",83.00%,11543,7.10%,
Dharmapuri,59,GEN,Dharmapuri,Baskar A,Desiya Murpokku Dravida Kazhagam,"2,15,933","1,68,248",77.90%,4043,2.40%,
Pappireddippatti,60,GEN,Dharmapuri,Palaniappan P,All India Anna Dravida Munnetra Kazhagam,"2,08,537","1,68,731",80.90%,10489,6.20%,
Harur,61,SC,Dharmapuri,Dillibabu P,Communist Party Of India (MARXIST),"1,88,760","1,50,272",79.60%,26503,17.60%,
Chengam,62,SC,Tiruvannamalai,Suresh@sureshkumar.T,Desiya Murpokku Dravida Kazhagam,"2,11,656","1,78,325",84.30%,11497,6.40%,
Tiruvannamalai,63,GEN,Tiruvannamalai,Velu E.V,Dravida Munetra Kazhagam,"2,12,430","1,71,679",80.80%,5126,3.00%,
Kilpennathur,64,GEN,Tiruvannamalai,Aranganathan.A.K,All India Anna Dravida Munnetra Kazhagam,"2,05,491","1,73,576",84.50%,4081,2.40%,
Kalasapakkam,65,GEN,Tiruvannamalai,Agri.Krishnamurti.S.S,All India Anna Dravida Munnetra Kazhagam,"1,80,390","1,55,790",86.40%,38234,24.50%,
Polur,66,GEN,Tiruvannamalai,Jayasudha.L,All India Anna Dravida Munnetra Kazhagam,"1,96,477","1,66,702",84.80%,28545,17.10%,
Arani,67,GEN,Tiruvannamalai,Babu Murugavel.R.M,Desiya Murpokku Dravida Kazhagam,"2,17,677","1,77,723",81.60%,7966,4.50%,
Cheyyar,68,GEN,Tiruvannamalai,Subramanian.N,All India Anna Dravida Munnetra Kazhagam,"2,11,108","1,79,221",84.90%,25463,14.20%,
Vandavasi,69,SC,Tiruvannamalai,Gunaseelan.V,All India Anna Dravida Munnetra Kazhagam,"1,99,026","1,62,399",81.60%,12296,7.60%,
Gingee,70,GEN,Viluppuram,Ganesh Kumar.A,Pattali Makkal Katchi,"2,13,716","1,74,449",81.60%,1811,1.00%,
Mailam,71,GEN,Viluppuram,Nagarajan.P,All India Anna Dravida Munnetra Kazhagam,"1,83,628","1,51,434",82.50%,20081,13.30%,
Tindivanam,72,SC,Viluppuram,Haridoss.D,All India Anna Dravida Munnetra Kazhagam,"1,88,458","1,53,169",81.30%,15537,10.10%,
Vanur,73,SC,Viluppuram,Janakiraman.I,All India Anna Dravida Munnetra Kazhagam,"1,96,088","1,58,671",80.90%,25138,15.80%,
Villupuram,74,GEN,Viluppuram,Shanmugam.C.V,All India Anna Dravida Munnetra Kazhagam,"2,09,385","1,73,050",82.60%,12097,7.00%,
Vikravandi,75,GEN,Viluppuram,Ramamurthy.R,Communist Party Of India (MARXIST),"1,86,838","1,52,070",81.40%,14897,9.80%,
Tirukkoyilur,76,GEN,Viluppuram,Venkatesan.L,Desiya Murpokku Dravida Kazhagam,"1,97,585","1,59,075",80.50%,8791,5.50%,
Ulundurpettai,77,GEN,Viluppuram,Kumaraguru.R,All India Anna Dravida Munnetra Kazhagam,"2,29,041","1,91,047",83.40%,53508,28.00%,
Rishivandiyam,78,GEN,Viluppuram,Vijaykant,Desiya Murpokku Dravida Kazhagam,"2,06,814","1,71,405",82.90%,30795,18.00%,
Sankarapuram,79,GEN,Viluppuram,Mohan.P,All India Anna Dravida Munnetra Kazhagam,"2,08,834","1,70,824",81.80%,12198,7.10%,
Kallakurichi,80,SC,Viluppuram,K.Alaguvelu,All India Anna Dravida Munnetra Kazhagam,"2,17,243","1,78,906",82.40%,59998,33.50%,
Gangavalli,81,SC,Salem,Subha.R,Desiya Murpokku Dravida Kazhagam,"1,83,263","1,50,047",81.90%,13465,9.00%,
Attur,82,SC,Salem,Madheswaran.S,All India Anna Dravida Munnetra Kazhagam,"1,96,892","1,58,536",80.50%,29856,18.80%,
Yercaud,83,ST,Salem,Perumal.C,All India Anna Dravida Munnetra Kazhagam,"2,10,159","1,79,492",85.40%,37582,20.90%,
Omalur,84,GEN,Salem,Krishnan.C,All India Anna Dravida Munnetra Kazhagam,"2,27,328","1,87,770",82.60%,46544,24.80%,
Mettur,85,GEN,Salem,Parthiban.S.R.,Desiya Murpokku Dravida Kazhagam,"2,12,972","1,69,607",79.60%,2594,1.50%,
Edappadi,86,GEN,Salem,Palaniswami.K,All India Anna Dravida Munnetra Kazhagam,"2,17,070","1,85,494",85.50%,34738,18.70%,
Sankari,87,GEN,Salem,Vijayalakshmi Pandit,All India Anna Dravida Munnetra Kazhagam,"2,14,622","1,84,859",86.10%,35079,19.00%,
Salem (West),88,GEN,Salem,Venkatachalam.G,All India Anna Dravida Munnetra Kazhagam,"2,12,452","1,69,785",79.90%,27661,16.30%,
Salem (North),89,GEN,Salem,Alagapuram R Mohanraj,Desiya Murpokku Dravida Kazhagam,"2,19,309","1,63,356",74.50%,29365,18.00%,
Salem (South),90,GEN,Salem,Selvaraju.M.K.,All India Anna Dravida Munnetra Kazhagam,"2,19,930","1,73,464",78.90%,60215,34.70%,
Veerapandi,91,GEN,Salem,Selvam.S.K,All India Anna Dravida Munnetra Kazhagam,"2,01,653","1,79,729",89.10%,26498,14.70%,
Rasipuram,92,SC,Namakkal,Dhanapal.P,All India Anna Dravida Munnetra Kazhagam,"1,94,596","1,62,217",83.40%,24717,15.20%,
Senthamangalam,93,ST,Namakkal,Santhi.R,Desiya Murpokku Dravida Kazhagam,"1,97,693","1,61,295",81.60%,8505,5.30%,
Namakkal,94,GEN,Namakkal,Baskar.K.P.P.,All India Anna Dravida Munnetra Kazhagam,"2,06,748","1,69,649",82.10%,35855,21.10%,
Paramathi-Velur,95,GEN,Namakkal,Thaniyarasu.U,All India Anna Dravida Munnetra Kazhagam,"1,86,699","1,51,705",81.30%,31018,20.40%,
Tiruchengodu,96,GEN,Namakkal,Sampathkumar. P,Desiya Murpokku Dravida Kazhagam,"1,82,665","1,49,845",82.00%,23945,16.00%,
Kumarapalayam,97,GEN,Namakkal,Thangamani.P,All India Anna Dravida Munnetra Kazhagam,"1,86,437","1,60,955",86.30%,26887,16.70%,
Erode (East),98,GEN,Erode,Chandhirakumar V.C,Desiya Murpokku Dravida Kazhagam,"1,75,388","1,36,071",77.60%,10644,7.80%,
Erode (West),99,GEN,Erode,Ramalingam K.V,All India Anna Dravida Munnetra Kazhagam,"1,93,149","1,53,133",79.30%,37868,24.70%,
Modakkurichi,100,GEN,Erode,Kittusamy R.N,All India Anna Dravida Munnetra Kazhagam,"1,87,831","1,53,092",81.50%,40162,26.20%,
Dharapuram,101,SC,Erode,Ponnusamy.K,All India Anna Dravida Munnetra Kazhagam,"2,05,145","1,62,248",79.10%,15025,9.30%,
Kangayam,102,GEN,Erode,Nataraj.Nsn,All India Anna Dravida Munnetra Kazhagam,"1,93,594","1,58,338",81.80%,41765,26.40%,
Perundurai,103,GEN,Erode,Venkatachalam.N.D,All India Anna Dravida Munnetra Kazhagam,"1,78,259","1,49,561",83.90%,42167,28.20%,
Bhavani,104,GEN,Erode,Narayanan.P.G,All India Anna Dravida Munnetra Kazhagam,"1,96,160","1,60,496",81.80%,28041,17.50%,
Anthiyur,105,GEN,Erode,Ramanitharan.S.S,All India Anna Dravida Munnetra Kazhagam,"1,73,683","1,42,922",82.30%,25254,17.70%,
Gobichettipalayam,106,GEN,Erode,Sengottaiyan K.A,All India Anna Dravida Munnetra Kazhagam,"2,09,018","1,74,184",83.30%,41912,24.10%,
Bhavanisagar,107,SC,Erode,Sundaram P.L,Communist Party Of India,"1,99,497","1,63,511",82.00%,19403,11.90%,
Udhagamandalam,108,GEN,The Nilgiris,Budhichandhiran,All India Anna Dravida Munnetra Kazhagam,"1,72,086","1,22,675",71.30%,7545,6.20%,
Gudalur,109,SC,The Nilgiris,Thiravidamani.M,Dravida Munetra Kazhagam,"1,59,402","1,13,985",71.50%,27374,24.00%,
Coonoor,110,GEN,The Nilgiris,Ramachandran.K,Dravida Munetra Kazhagam,"1,65,620","1,21,015",73.10%,9292,7.70%,
Mettuppalayam,111,GEN,Coimbatore,Chinnaraj O K,All India Anna Dravida Munnetra Kazhagam,"2,11,796","1,71,836",81.10%,25775,15.00%,
Avanashi,112,SC,Coimbatore,Karuppasamy.M.A.,All India Anna Dravida Munnetra Kazhagam,"1,92,747","1,54,654",80.20%,61411,39.70%,
Tiruppur (North),113,GEN,Coimbatore,Anandan.M.S.M,All India Anna Dravida Munnetra Kazhagam,"2,16,316","1,60,907",74.40%,73271,45.50%,
Tiruppur (South),114,GEN,Coimbatore,Thangavel.K,Communist Party Of India (MARXIST),"1,67,923","1,22,375",72.90%,38303,31.30%,
Palladam,115,GEN,Coimbatore,Paramasivam.K.P,All India Anna Dravida Munnetra Kazhagam,"2,28,611","1,76,910",77.40%,69776,39.40%,
Sulur,116,GEN,Coimbatore,Thinakaran K,Desiya Murpokku Dravida Kazhagam,"2,11,574","1,69,588",80.20%,29532,17.40%,
Kavundampalayam,117,GEN,Coimbatore,Arukutty V C,All India Anna Dravida Munnetra Kazhagam,"2,94,628","2,16,785",73.60%,69260,31.90%,
Coimbatore (North),118,GEN,Coimbatore,Malaravan T.,All India Anna Dravida Munnetra Kazhagam,"2,21,863","1,55,282",70.00%,40098,25.80%,
Thondamuthur,119,GEN,Coimbatore,Velumani S P,All India Anna Dravida Munnetra Kazhagam,"2,13,181","1,60,085",75.10%,53203,33.20%,
Coimbatore (South),120,GEN,Coimbatore,Doraiswamy R Alias Challenger Dorai,All India Anna Dravida Munnetra Kazhagam,"2,00,261","1,43,294",71.60%,27796,19.40%,
Singanallur,121,GEN,Coimbatore,Chinnasamy R,All India Anna Dravida Munnetra Kazhagam,"2,30,350","1,58,903",69.00%,34326,21.60%,
Kinathukadavu,122,GEN,Coimbatore,Damodaran S,All India Anna Dravida Munnetra Kazhagam,"2,14,627","1,67,567",78.10%,30266,18.10%,
Pollachi,123,GEN,Coimbatore,Muthukaruppannasamy M K,All India Anna Dravida Munnetra Kazhagam,"1,77,051","1,41,747",80.10%,30308,21.40%,
Valparai,124,SC,Coimbatore,Arumugham M,Communist Party Of India,"1,62,159","1,24,440",76.70%,3421,2.70%,
Udumalaipettai,125,GEN,Coimbatore,Pollachi Jayaraman. V,All India Anna Dravida Munnetra Kazhagam,"2,00,450","1,56,845",78.20%,44560,28.40%,
Madathukulam,126,GEN,Coimbatore,C.Shanmugavelu,All India Anna Dravida Munnetra Kazhagam,"1,76,351","1,43,703",81.50%,19669,13.70%,
Palani,127,GEN,Dindigul,"Venugopalu. K.S.N,",All India Anna Dravida Munnetra Kazhagam,"2,09,823","1,69,925",81.00%,1754,1.00%,
Oddanchatram,128,GEN,Dindigul,Sakkarapani.R,Dravida Munetra Kazhagam,"1,95,975","1,68,785",86.10%,14933,8.80%,
Athoor,129,GEN,Dindigul,Periyasamy.I,Dravida Munetra Kazhagam,"2,26,859","1,89,245",83.40%,53932,28.50%,
Nilakkottai,130,SC,Dindigul,Ramasamy.A,Puthiya Tamilagam,"1,81,623","1,43,243",78.90%,24714,17.30%,
Natham,131,GEN,Dindigul,Viswanathan.R.,All India Anna Dravida Munnetra Kazhagam,"2,07,464","1,76,251",85.00%,53089,30.10%,
Dindigul,132,GEN,Dindigul,Balabharathi.K.,Communist Party Of India (MARXIST),"1,92,477","1,47,805",76.80%,39115,26.50%,
Vedasandur,133,GEN,Dindigul,Palanichamy. S.,All India Anna Dravida Munnetra Kazhagam,"2,11,823","1,68,772",79.70%,50712,30.00%,
Aravakurichi,134,GEN,Karur,Pallanishamy.K.C,Dravida Munetra Kazhagam,"1,70,483","1,46,509",85.90%,4541,3.10%,
Karur,135,GEN,Karur,"Senthil Balaji, V.",All India Anna Dravida Munnetra Kazhagam,"1,94,257","1,63,031",83.90%,44145,27.10%,
Krishnarayapuram,136,SC,Karur,Kamaraj.S,All India Anna Dravida Munnetra Kazhagam,"1,74,917","1,51,699",86.70%,22509,14.80%,
Kulithalai,137,GEN,Tiruchirappalli,Pappasundaram.A,All India Anna Dravida Munnetra Kazhagam,"1,79,805","1,59,662",88.80%,22473,14.10%,
Manapparai,138,GEN,Tiruchirappalli,Chandra Sekar R,All India Anna Dravida Munnetra Kazhagam,"2,16,436","1,73,248",80.00%,28299,16.30%,
Srirangam,139,GEN,Tiruchirappalli,J Jayalalitha,All India Anna Dravida Munnetra Kazhagam,"2,21,147","1,78,547",80.70%,41848,23.40%,
Tiruchirappalli (West),140,GEN,Tiruchirappalli,N.Mariam Pitchai,All India Anna Dravida Munnetra Kazhagam,"2,05,658","1,54,321",75.00%,7179,4.70%,
Tiruchirappalli (East),141,GEN,Tiruchirappalli,Manoharan R,All India Anna Dravida Munnetra Kazhagam,"2,00,911","1,51,439",75.40%,20626,13.60%,
Thiruverumbur,142,GEN,Tiruchirappalli,S.Senthilkumar,Desiya Murpokku Dravida Kazhagam,"2,09,375","1,50,543",71.90%,4205,2.80%,
Lalgudi,143,GEN,Tiruchirappalli,Soundarapandian.A,Dravida Munetra Kazhagam,"1,75,167","1,46,201",83.50%,7155,4.90%,
Manachanallur,144,GEN,Tiruchirappalli,Poonachi. T.P.,All India Anna Dravida Munnetra Kazhagam,"1,86,107","1,56,437",84.10%,19190,12.30%,
Musiri,145,GEN,Tiruchirappalli,N.R.Sivapathy,All India Anna Dravida Munnetra Kazhagam,"1,84,922","1,50,808",81.60%,43791,29.00%,
Thuraiyur,146,SC,Tiruchirappalli,Indraganthi T,All India Anna Dravida Munnetra Kazhagam,"1,80,988","1,48,452",82.00%,10935,7.40%,
Perambalur,147,SC,Perambalur,Tamizhselvan.R,All India Anna Dravida Munnetra Kazhagam,"2,28,431","1,88,725",82.60%,19079,10.10%,
Kunnam,148,GEN,Perambalur,Sivasankar.S.S,Dravida Munetra Kazhagam,"2,12,782","1,74,294",81.90%,22957,13.20%,
Ariyalur,149,GEN,Perambalur,"Manivel, Durai.",All India Anna Dravida Munnetra Kazhagam,"2,18,992","1,85,749",84.80%,17820,9.60%,
Jayankondam,150,GEN,Perambalur,Guru @ Gurunathan J,Pattali Makkal Katchi,"2,16,216","1,79,981",83.20%,15138,8.40%,
Tittakudi,151,SC,Cuddalore,K.Tamil Azhagan,Desiya Murpokku Dravida Kazhagam,"1,75,752","1,39,261",79.20%,12642,9.10%,
Vriddhachalam,152,GEN,Cuddalore,V. Muthukumar,Desiya Murpokku Dravida Kazhagam,"1,95,903","1,58,288",80.80%,13641,8.60%,
Neyveli,153,GEN,Cuddalore,M.P.S.Sivasubramaniyan,All India Anna Dravida Munnetra Kazhagam,"1,66,099","1,37,357",82.70%,8118,5.90%,
Panruti,154,GEN,Cuddalore,P.Sivakolunthu,Desiya Murpokku Dravida Kazhagam,"1,93,924","1,61,443",83.30%,10716,6.60%,
Cuddalore,155,GEN,Cuddalore,M.C. Sampath,All India Anna Dravida Munnetra Kazhagam,"1,81,920","1,41,930",78.00%,33678,23.70%,
Kurinjipadi,156,GEN,Cuddalore,R.Rajendran,All India Anna Dravida Munnetra Kazhagam,"1,81,915","1,56,694",86.10%,23848,15.20%,
Bhuvanagiri,157,GEN,Cuddalore,Selvi,All India Anna Dravida Munnetra Kazhagam,"2,07,558","1,70,265",82.00%,13117,7.70%,
Chidambaram,158,GEN,Cuddalore,K.Balakrishnan,Communist Party Of India (MARXIST),"1,91,446","1,49,166",77.90%,2879,1.90%,
Kattumannarkoil,159,SC,Cuddalore,N.Murugumaran,All India Anna Dravida Munnetra Kazhagam,"1,82,058","1,44,773",79.50%,31725,21.90%,
Sirkazhi,160,SC,Nagapattinam,Sakthi . M,All India Anna Dravida Munnetra Kazhagam,"1,94,824","1,53,561",78.80%,27379,17.80%,
Mayiladuthurai,161,GEN,Nagapattinam,R.Arulselvan,Desiya Murpokku Dravida Kazhagam,"1,84,990","1,41,847",76.70%,3017,2.10%,
Poompuhar,162,GEN,Nagapattinam,Pavunraj.S,All India Anna Dravida Munnetra Kazhagam,"2,12,106","1,69,457",79.90%,11373,6.70%,
Nagapattinam,163,GEN,Nagapattinam,K A Jayapal,All India Anna Dravida Munnetra Kazhagam,"1,51,882","1,20,690",79.50%,5743,4.80%,
Kilvelur,164,SC,Nagapattinam,Mahalingam P,Communist Party Of India (MARXIST),"1,41,185","1,21,254",85.90%,724,0.60%,
Vedaranyam,165,GEN,Nagapattinam,N.V.Kamaraj,All India Anna Dravida Munnetra Kazhagam,"1,55,065","1,30,708",84.30%,10928,8.40%,
Thiruthuraipoondi,166,SC,Thiruvarur,K.Ulaganathan,Communist Party Of India,"1,93,844","1,56,294",80.60%,22287,14.30%,
Mannargudi,167,GEN,Thiruvarur,"Rajaa, T.R.B.",Dravida Munetra Kazhagam,"2,05,522","1,66,186",80.90%,3982,2.40%,
Thiruvarur,168,GEN,Thiruvarur,Karunanidhi. M,Dravida Munetra Kazhagam,"2,09,526","1,73,159",82.60%,50249,29.00%,
Nannilam,169,GEN,Thiruvarur,Kamaraj.R,All India Anna Dravida Munnetra Kazhagam,"2,18,867","1,80,684",82.60%,10404,5.80%,
Thiruvidaimarudur,170,SC,Thanjavur,Chezhiaan.Govi,Dravida Munetra Kazhagam,"1,96,673","1,60,392",81.60%,394,0.20%,
Kumbakonam,171,GEN,Thanjavur,Anbalagan.G,Dravida Munetra Kazhagam,"2,00,377","1,61,408",80.60%,1272,0.80%,
Papanasam,172,GEN,Thanjavur,R. Doraikkannu,All India Anna Dravida Munnetra Kazhagam,"1,98,203","1,60,162",80.80%,18007,11.20%,
Thiruvaiyaru,173,GEN,Thanjavur,M.Rethinasami,All India Anna Dravida Munnetra Kazhagam,"2,07,331","1,73,706",83.80%,12962,7.50%,
Thanjavur,174,GEN,Thanjavur,M.Rengasamy,All India Anna Dravida Munnetra Kazhagam,"2,01,995","1,49,130",73.80%,7329,4.90%,
Orathanadu,175,GEN,Thanjavur,R.Vaithilingam,All India Anna Dravida Munnetra Kazhagam,"1,93,262","1,58,681",82.10%,32644,20.60%,
Pattukkottai,176,GEN,Thanjavur,N.R.Rengarajan,Indian National Congress,"1,87,628","1,46,353",78.00%,8779,6.00%,
Peravurani,177,GEN,Thanjavur,C. Arunpandian,Desiya Murpokku Dravida Kazhagam,"1,73,298","1,40,044",80.80%,7194,5.10%,
Gandharvakottai,178,SC,Pudukkottai,Subramanian. N,All India Anna Dravida Munnetra Kazhagam,"1,52,708","1,22,381",80.10%,19699,16.10%,
Viralimalai,179,GEN,Pudukkottai,Vijaya Basker. C,All India Anna Dravida Munnetra Kazhagam,"1,60,449","1,38,022",86.00%,39309,28.50%,
Pudukkottai,180,GEN,Pudukkottai,Muthukumaran.P,Communist Party Of India,"1,77,408","1,39,957",78.90%,3101,2.20%,
Thirumayam,181,GEN,Pudukkottai,Vairamuthu. P.K.,All India Anna Dravida Munnetra Kazhagam,"1,71,992","1,35,429",78.70%,31135,23.00%,
Alangudi,182,GEN,Pudukkottai,Krishnan.Kupa,All India Anna Dravida Munnetra Kazhagam,"1,68,687","1,38,203",81.90%,5127,3.70%,
Aranthangi,183,GEN,Pudukkottai,Raja Nayagam M,All India Anna Dravida Munnetra Kazhagam,"1,70,564","1,28,027",75.10%,16656,13.00%,
Karaikudi,184,GEN,Sivaganga,Palanichamy.Cholan.Ct,All India Anna Dravida Munnetra Kazhagam,"2,26,934","1,68,797",74.40%,18900,11.20%,
Tiruppattur,185,GEN,Sivaganga,Periyakaruppan.Kr,Dravida Munetra Kazhagam,"2,18,453","1,73,020",79.20%,1584,0.90%,
Sivaganga,186,GEN,Sivaganga,Gunasekaran.S,Communist Party Of India,"2,14,027","1,57,216",73.50%,4382,2.80%,
Manamadurai,187,SC,Sivaganga,Gunasekaran.M,All India Anna Dravida Munnetra Kazhagam,"2,10,956","1,61,626",76.60%,14020,8.70%,
Melur,188,GEN,Madurai,Samy R,All India Anna Dravida Munnetra Kazhagam,"1,98,652","1,54,050",77.50%,24462,15.90%,
Madurai East,189,GEN,Madurai,Tamilarasan K,All India Anna Dravida Munnetra Kazhagam,"2,33,166","1,79,869",77.10%,28755,16.00%,
Sholavandan,190,SC,Madurai,Karuppiah M V,All India Anna Dravida Munnetra Kazhagam,"1,74,649","1,44,348",82.70%,36608,25.40%,
Madurai North,191,GEN,Madurai,Bose.A.K,All India Anna Dravida Munnetra Kazhagam,"1,95,812","1,42,571",72.80%,46400,32.50%,
Madurai South,192,GEN,Madurai,Annadurai R,Communist Party Of India (MARXIST),"1,78,812","1,35,472",75.80%,45451,33.60%,
Madurai Central,193,GEN,Madurai,Sundarrajan R,Desiya Murpokku Dravida Kazhagam,"1,92,579","1,44,151",74.90%,19560,13.60%,
Madurai West,194,GEN,Madurai,Raju K,All India Anna Dravida Munnetra Kazhagam,"2,14,291","1,58,950",74.20%,38761,24.40%,
Thiruparankundram,195,GEN,Madurai,Raja A.K.T,Desiya Murpokku Dravida Kazhagam,"2,13,780","1,62,630",76.10%,48502,29.80%,
Thirumangalam,196,GEN,Madurai,Muthuramalingam M,All India Anna Dravida Munnetra Kazhagam,"2,23,826","1,82,703",81.60%,26367,14.40%,
Usilampatti,197,GEN,Madurai,Kathiravan P V,All India Forward Bloc,"2,17,255","1,72,293",79.30%,15320,8.90%,
Andipatti,198,GEN,Theni,Thangatamilselvan,All India Anna Dravida Munnetra Kazhagam,"2,09,097","1,70,652",81.60%,21031,12.30%,
Periyakulam,199,SC,Theni,Laser.A,Communist Party Of India (MARXIST),"2,03,131","1,60,242",78.90%,5641,3.50%,
Bodinayakanur,200,GEN,Theni,Panneerselvam O,All India Anna Dravida Munnetra Kazhagam,"2,07,412","1,67,998",81.00%,29906,17.80%,
Cumbum,201,GEN,Theni,Eramakrishnan.N,Dravida Munetra Kazhagam,"2,16,907","1,65,321",76.20%,12168,7.40%,
Rajapalayam,202,GEN,Virudhunagar,K.Gopalsamy,All India Anna Dravida Munnetra Kazhagam,"1,85,595","1,48,925",80.20%,21432,14.40%,
Srivilliputhur,203,SC,Virudhunagar,V. Ponnupandi,Communist Party Of India,"1,92,116","1,53,759",80.00%,6228,4.10%,
Sattur,204,GEN,Virudhunagar,R.B.Uthayakumar,All India Anna Dravida Munnetra Kazhagam,"1,85,572","1,52,462",82.20%,29345,19.20%,
Sivakasi,205,GEN,Virudhunagar,Rajenthra Bhalaji.K.T,All India Anna Dravida Munnetra Kazhagam,"1,82,122","1,46,573",80.50%,35334,24.10%,
Virudhunagar,206,GEN,Virudhunagar,Pandiarajan.K,Desiya Murpokku Dravida Kazhagam,"1,70,254","1,33,930",78.70%,21286,15.90%,
Aruppukkottai,207,GEN,Virudhunagar,Vaigaichelvan,All India Anna Dravida Munnetra Kazhagam,"1,79,530","1,49,637",83.30%,10638,7.10%,
Tiruchuli,208,GEN,Virudhunagar,Thangam Thenarasu,Dravida Munetra Kazhagam,"1,77,682","1,50,146",84.50%,19952,13.30%,
Paramakudi,209,SC,Ramanathapuram,Sundararaj.S,All India Anna Dravida Munnetra Kazhagam,"2,05,526","1,48,855",72.40%,34606,23.20%,
Tiruvadanai,210,GEN,Ramanathapuram,Thangavelan Suba,Dravida Munetra Kazhagam,"2,17,947","1,56,072",71.60%,927,0.60%,
Ramanathapuram,211,GEN,Ramanathapuram,Jawahirulla,Manithaneya Makkal Katchi,"2,26,186","1,60,703",71.00%,15757,9.80%,
Mudhukulathur,212,GEN,Ramanathapuram,Murugan M,All India Anna Dravida Munnetra Kazhagam,"2,57,111","1,77,555",69.10%,20089,11.30%,
Vilathikulam,213,GEN,Thoothukkudi,Markandayan. V,All India Anna Dravida Munnetra Kazhagam,"1,75,367","1,33,292",76.00%,22597,17.00%,
Thoothukkudi,214,GEN,Thoothukkudi,Chellapandian S.T,All India Anna Dravida Munnetra Kazhagam,"2,12,628","1,56,774",73.70%,26193,16.70%,
Tiruchendur,215,GEN,Thoothukkudi,Anitha R Radhakrishnan,Dravida Munetra Kazhagam,"1,89,982","1,46,141",76.90%,640,0.40%,
Srivaikuntam,216,GEN,Thoothukkudi,Shunmuganathan.S.P,All India Anna Dravida Munnetra Kazhagam,"1,75,769","1,31,879",75.00%,21122,16.00%,
Ottapidaram,217,SC,Thoothukkudi,Dr.K.Krishnasamy,Puthiya Tamilagam,"1,67,524","1,26,453",75.50%,25126,19.90%,
Kovilpatti,218,GEN,Thoothukkudi,Kadambur Raju C,All India Anna Dravida Munnetra Kazhagam,"1,81,097","1,30,723",72.20%,26480,20.30%,
Sankarankovil,219,SC,Tirunelveli,Karuppasamy.C,All India Anna Dravida Munnetra Kazhagam,"1,91,012","1,44,622",75.70%,10395,7.20%,
Vasudevanallur,220,SC,Tirunelveli,"Dr.Duraiappa.S.,mbbs.,",All India Anna Dravida Munnetra Kazhagam,"1,85,683","1,42,026",76.50%,28090,19.80%,
Kadayanallur,221,GEN,Tirunelveli,Chendur Pandian .P,All India Anna Dravida Munnetra Kazhagam,"2,14,996","1,62,155",75.40%,16086,9.90%,
Tenkasi,222,GEN,Tirunelveli,Sarath Kumar.R,All India Anna Dravida Munnetra Kazhagam,"2,15,323","1,69,910",78.90%,22967,13.50%,
Alangulam,223,GEN,Tirunelveli,P. G. Rajendran,All India Anna Dravida Munnetra Kazhagam,"2,03,828","1,65,134",81.00%,299,0.20%,
Tirunelveli,224,GEN,Tirunelveli,Nainar Nagenthran,All India Anna Dravida Munnetra Kazhagam,"2,05,140","1,57,304",76.70%,38491,24.50%,
Ambasamudram,225,GEN,Tirunelveli,E Subaya,All India Anna Dravida Munnetra Kazhagam,"1,93,734","1,45,460",75.10%,24609,16.90%,
Palayamkottai,226,GEN,Tirunelveli,T.P.M.Mohideen Khan,Dravida Munetra Kazhagam,"1,97,855","1,35,770",68.60%,605,0.40%,
Nanguneri,227,GEN,Tirunelveli,A.Narayanan,All India Anna Dravida Munnetra Kazhagam,"1,90,748","1,42,677",74.80%,12280,8.60%,
Radhapuram,228,GEN,Tirunelveli,S.Michael Rayappan,Desiya Murpokku Dravida Kazhagam,"1,95,099","1,38,694",71.10%,21475,15.50%,
Kanniyakumari,229,GEN,Kanniyakumari,Patchaimal.K.T,All India Anna Dravida Munnetra Kazhagam,"2,37,852","1,80,206",75.80%,17804,9.90%,
Nagercoil,230,GEN,Kanniyakumari,Nanjil Murugesan.A,All India Anna Dravida Munnetra Kazhagam,"2,09,697","1,47,019",70.10%,6727,4.60%,
Colachal,231,GEN,Kanniyakumari,Prince.J.G,Indian National Congress,"2,26,317","1,45,488",64.30%,11821,8.10%,
Padmanabhapuram,232,GEN,Kanniyakumari,Dr.Pushpa Leela Alban,Dravida Munetra Kazhagam,"2,06,389","1,44,362",69.90%,19321,13.40%,
Vilavancode,233,GEN,Kanniyakumari,Vijayadharani.S,Indian National Congress,"2,07,632","1,43,948",69.30%,23789,16.50%,
Killiyoor,234,GEN,Kanniyakumari,John Jacob.S,Indian National Congress,"2,13,660","1,36,544",63.90%,24486,17.90%,
,,,,,,,,,,,
,,,,,,,,,,,
,,,,,,,,,,,
,,,,,,,,,,,
,,,,,,,,,,,
,,,,,,,,,,,
,,,,,,,,,,,
,,,,,,,,,,,
,,,,,,,,,,,
,,,,,,,,,,,
,,,,,,,,,,,
,,,,,,,,,,,
,,,,,,,,,,,
,,,,,,,,,,,
,,,,,,,,,,,
,,,,,,,,,,,
,,,,,,,,,,,
,,,,,,,,,,,
,,,,,,,,,,,
,,,,,,,,,,,
,,,,,,,,,,,
,,,,,,,,,,,
,,,,,,,,,,,
,,,,,,,,,,,
,,,,,,,,,,,
,,,,,,,,,,,
,,,,,,,,,,,
,,,,,,,,,,,
,,,,,,,,,,,
,,,,,,,,,,,
,,,,,,,,,,,
,,,,,,,,,,,
,,,,,,,,,,,
,,,,,,,,,,,
,,,,,,,,,,,
,,,,,,,,,,,
,,,,,,,,,,,
,,,,,,,,,,,
,,,,,,,,,,,
,,,,,,,,,,,
,,,,,,,,,,,
,,,,,,,,,,,
,,,,,,,,,,,
,,,,,,,,,,,
,,,,,,,,,,,
,,,,,,,,,,,
,,,,,,,,,,,
,,,,,,,,,,,
,,,,,,,,,,,
,,,,,,,,,,,
,,,,,,,,,,,
,,,,,,,,,,,
,,,,,,,,,,,
,,,,,,,,,,,
,,,,,,,,,,,
,,,,,,,,,,,
,,,,,,,,,,,
,,,,,,,,,,,
,,,,,,,,,,,
,,,,,,,,,,,
,,,,,,,,,,,
,,,,,,,,,,,
,,,,,,,,,,,
,,,,,,,,,,,
,,,,,,,,,,,
,,,,,,,,,,,
,,,,,,,,,,,
,,,,,,,,,,,
,,,,,,,,,,,
,,,,,,,,,,,
,,,,,,,,,,,
,,,,,,,,,,,
,,,,,,,,,,,
,,,,,,,,,,,
,,,,,,,,,,,
,,,,,,,,,,,
,,,,,,,,,,,
,,,,,,,,,,,
,,,,,,,,,,,
,,,,,,,,,,,
,,,,,,,,,,,
,,,,,,,,,,,
,,,,,,,,,,,
,,,,,,,,,,,
,,,,,,,,,,,
,,,,,,,,,,,
,,,,,,,,,,,
,,,,,,,,,,,
,,,,,,,,,,,
,,,,,,,,,,,
,,,,,,,,,,,
,,,,,,,,,,,
,,,,,,,,,,,
,,,,,,,,,,,
,,,,,,,,,,,
,,,,,,,,,,,
,,,,,,,,,,,
,,,,,,,,,,,
,,,,,,,,,,,
,,,,,,,,,,,
,,,,,,,,,,,
,,,,,,,,,,,
,,,,,,,,,,,
,,,,,,,,,,,
,,,,,,,,,,,
,,,,,,,,,,,
,,,,,,,,,,,
,,,,,,,,,,,
,,,,,,,,,,,
,,,,,,,,,,,
,,,,,,,,,,,
,,,,,,,,,,,
,,,,,,,,,,,
,,,,,,,,,,,
,,,,,,,,,,,
,,,,,,,,,,,
,,,,,,,,,,,
,,,,,,,,,,,
,,,,,,,,,,,
,,,,,,,,,,,
,,,,,,,,,,,
,,,,,,,,,,,
,,,,,,,,,,,
,,,,,,,,,,,
,,,,,,,,,,,
,,,,,,,,,,,
,,,,,,,,,,,
,,,,,,,,,,,
,,,,,,,,,,,
,,,,,,,,,,,
,,,,,,,,,,,
,,,,,,,,,,,
,,,,,,,,,,,
,,,,,,,,,,,
,,,,,,,,,,,
,,,,,,,,,,,
,,,,,,,,,,,
,,,,,,,,,,,
,,,,,,,,,,,
,,,,,,,,,,,
,,,,,,,,,,,
,,,,,,,,,,,
,,,,,,,,,,,
,,,,,,,,,,,
,,,,,,,,,,,
,,,,,,,,,,,
,,,,,,,,,,,
,,,,,,,,,,,
,,,,,,,,,,,
,,,,,,,,,,,
,,,,,,,,,,,
,,,,,,,,,,,
,,,,,,,,,,,
,,,,,,,,,,,
,,,,,,,,,,,
,,,,,,,,,,,
,,,,,,,,,,,
,,,,,,,,,,,
,,,,,,,,,,,
,,,,,,,,,,,
,,,,,,,,,,,
,,,,,,,,,,,
,,,,,,,,,,,
,,,,,,,,,,,
,,,,,,,,,,,
,,,,,,,,,,,
,,,,,,,,,,,
,,,,,,,,,,,
,,,,,,,,,,,
,,,,,,,,,,,
,,,,,,,,,,,
,,,,,,,,,,,
,,,,,,,,,,,
,,,,,,,,,,,
,,,,,,,,,,,
,,,,,,,,,,,
,,,,,,,,,,,
,,,,,,,,,,,
,,,,,,,,,,,
,,,,,,,,,,,
,,,,,,,,,,,
,,,,,,,,,,,
,,,,,,,,,,,
,,,,,,,,,,,
,,,,,,,,,,,
,,,,,,,,,,,
,,,,,,,,,,,
,,,,,,,,,,,
,,,,,,,,,,,
,,,,,,,,,,,
,,,,,,,,,,,
,,,,,,,,,,,
,,,,,,,,,,,
,,,,,,,,,,,
,,,,,,,,,,,
,,,,,,,,,,,
,,,,,,,,,,,
,,,,,,,,,,,
,,,,,,,,,,,
,,,,,,,,,,,
,,,,,,,,,,,
,,,,,,,,,,,
,,,,,,,,,,,
,,,,,,,,,,,
,,,,,,,,,,,
,,,,,,,,,,,
,,,,,,,,,,,
,,,,,,,,,,,
,,,,,,,,,,,
,,,,,,,,,,,
,,,,,,,,,,,
,,,,,,,,,,,
,,,,,,,,,,,
,,,,,,,,,,,
,,,,,,,,,,,
,,,,,,,,,,,
,,,,,,,,,,,
,,,,,,,,,,,
,,,,,,,,,,,
,,,,,,,,,,,
,,,,,,,,,,,
,,,,,,,,,,,
,,,,,,,,,,,
,,,,,,,,,,,
,,,,,,,,,,,
,,,,,,,,,,,
,,,,,,,,,,,
,,,,,,,,,,,
,,,,,,,,,,,
,,,,,,,,,,,
,,,,,,,,,,,
,,,,,,,,,,,
,,,,,,,,,,,
,,,,,,,,,,,
,,,,,,,,,,,
,,,,,,,,,,,
,,,,,,,,,,,
,,,,,,,,,,,
,,,,,,,,,,,