﻿ac_name,ac_no,type,district,winning_cand,party,totelectors,totvotes,poll_percentage,margin,winning_percentage,
Gummidipoondi,1,GEN,Thiruvallur,Vijayakumar K S,All India Anna Dravida Munnetra Kazhagam,"2,59,194","2,12,864",82.10%,23395,11.00%,
Ponneri,2,SC,Thiruvallur,Balaraman P,All India Anna Dravida Munnetra Kazhagam,"2,47,430","1,95,364",79.00%,19336,9.90%,
Tiruttani,3,GEN,Thiruvallur,Narasimhan P M,All India Anna Dravida Munnetra Kazhagam,"2,73,887","2,20,333",80.40%,23141,10.50%,
Thiruvallur,4,GEN,Thiruvallur,Raajendran V G,Dravida Munetra Kazhagam,"2,54,359","2,04,826",80.50%,5138,2.50%,
Poonamallee,5,SC,Thiruvallur,Elumalai T A,All India Anna Dravida Munnetra Kazhagam,"3,09,083","2,36,722",76.60%,11763,5.00%,
Avadi,6,GEN,Thiruvallur,Pandia Rajan K,All India Anna Dravida Munnetra Kazhagam,"3,87,261","2,65,738",68.60%,1395,0.50%,
Maduravoyal,7,GEN,Thiruvallur,Benjamin P,All India Anna Dravida Munnetra Kazhagam,"3,91,693","2,41,942",61.80%,8402,3.50%,
Ambattur,8,GEN,Thiruvallur,Alexander V,All India Anna Dravida Munnetra Kazhagam,"3,53,518","2,24,029",63.40%,17498,7.80%,
Madavaram,9,GEN,Thiruvallur,Sudharsanam S,Dravida Munetra Kazhagam,"3,97,265","2,64,427",66.60%,15253,5.80%,
Thiruvottiyur,10,GEN,Thiruvallur,Samy.K.P.P,Dravida Munetra Kazhagam,"2,86,872","1,87,144",65.20%,4863,2.60%,
Dr.Radhakrishnan Nagar,11,GEN,Chennai,Jayalalithaa J,All India Anna Dravida Munnetra Kazhagam,"2,55,198","1,71,142",67.10%,39545,23.10%,
Perambur,12,GEN,Chennai,P Vetrivel,All India Anna Dravida Munnetra Kazhagam,"2,88,901","1,85,514",64.20%,519,0.30%,
Kolathur,13,GEN,Chennai,M.K.Stalin,Dravida Munetra Kazhagam,"2,61,913","1,64,754",62.90%,37730,22.90%,
Villivakkam,14,GEN,Chennai,B. Ranganathan,Dravida Munetra Kazhagam,"2,52,292","1,46,675",58.10%,9321,6.40%,
Thiru-Vi-Ka-Nagar,15,SC,Chennai,Sivakumar P @ Thayagam Kavi,Dravida Munetra Kazhagam,"2,15,120","1,33,765",62.20%,3322,2.50%,
Egmore,16,SC,Chennai,Ravichandran K.S,Dravida Munetra Kazhagam,"1,90,949","1,17,795",61.70%,10679,9.10%,
Royapuram,17,GEN,Chennai,Jayakumar D,All India Anna Dravida Munnetra Kazhagam,"1,86,386","1,19,769",64.30%,8031,6.70%,
Harbour,18,GEN,Chennai,Sekar Babu P K,Dravida Munetra Kazhagam,"1,82,820","1,02,137",55.90%,4836,4.70%,
Chepauk-Thiruvallikeni,19,GEN,Chennai,J.Anbazhagan,Dravida Munetra Kazhagam,"2,25,920","1,40,171",62.00%,14164,10.10%,
Thousand Lights,20,GEN,Chennai,Selvam Ku. Ka,Dravida Munetra Kazhagam,"2,43,386","1,38,770",57.00%,8829,6.40%,
Anna Nagar,21,GEN,Chennai,Mohan M.K.,Dravida Munetra Kazhagam,"2,85,165","1,68,933",59.20%,1687,1.00%,
Virugampakkam,22,GEN,Chennai,V.N.Virugai Ravi,All India Anna Dravida Munnetra Kazhagam,"2,86,046","1,67,442",58.50%,2333,1.40%,
Saidapet,23,GEN,Chennai,Subramanian.Ma,Dravida Munetra Kazhagam,"2,79,207","1,64,477",58.90%,16255,9.90%,
Thiyagarayanagar,24,GEN,Chennai,Sathyanarayanan.B,All India Anna Dravida Munnetra Kazhagam,"2,40,352","1,38,412",57.60%,3155,2.30%,
Mylapore,25,GEN,Chennai,Nataraj R,All India Anna Dravida Munnetra Kazhagam,"2,57,032","1,52,344",59.30%,14728,9.70%,
Velachery,26,GEN,Chennai,Vagai Chanderasekar,Dravida Munetra Kazhagam,"2,96,329","1,71,297",57.80%,8872,5.20%,
Shozhinganallur,27,GEN,Kancheepuram,Aravind Ramesh S,Dravida Munetra Kazhagam,"5,75,773","3,38,365",58.80%,14913,4.40%,
Alandur,28,GEN,Kancheepuram,Anbarasan T.M.,Dravida Munetra Kazhagam,"3,41,623","2,12,270",62.10%,19169,9.00%,
Sriperumbudur,29,SC,Kancheepuram,Palani.K,All India Anna Dravida Munnetra Kazhagam,"3,00,120","2,33,186",77.70%,10716,4.60%,
Pallavaram,30,GEN,Kancheepuram,Karunanithi.I,Dravida Munetra Kazhagam,"4,03,787","2,45,381",60.80%,22165,9.00%,
Tambaram,31,GEN,Kancheepuram,S R Raja,Dravida Munetra Kazhagam,"3,72,883","2,30,348",61.80%,14445,6.30%,
Chengalpattu,32,GEN,Kancheepuram,Varalakshmi.M,Dravida Munetra Kazhagam,"3,66,345","2,46,190",67.20%,26292,10.70%,
Thiruporur,33,GEN,Kancheepuram,Kothandapani. M,All India Anna Dravida Munnetra Kazhagam,"2,50,050","1,99,025",79.60%,950,0.50%,
Cheyyur,34,SC,Kancheepuram,Arasu R T,Dravida Munetra Kazhagam,"2,11,135","1,67,307",79.20%,304,0.20%,
Madurantakam,35,SC,Kancheepuram,S.Pugazhenthi,Dravida Munetra Kazhagam,"2,19,928","1,76,354",80.20%,2957,1.70%,
Uthiramerur,36,GEN,Kancheepuram,Sundar.K,Dravida Munetra Kazhagam,"2,42,572","1,97,126",81.30%,12156,6.20%,
Kancheepuram,37,GEN,Kancheepuram,C.V.M.P. Ezhilarasan,Dravida Munetra Kazhagam,"2,96,751","2,20,467",74.30%,7548,3.40%,
Arakkonam,38,SC,Vellore,Ravi S,All India Anna Dravida Munnetra Kazhagam,"2,17,390","1,63,392",75.20%,4161,2.50%,
Sholingur,39,GEN,Vellore,Parthiban.N.G,All India Anna Dravida Munnetra Kazhagam,"2,54,525","2,09,373",82.30%,9732,4.60%,
Katpadi,40,GEN,Vellore,Duraimurugan,Dravida Munetra Kazhagam,"2,27,250","1,75,378",77.20%,23946,13.70%,
Ranipet,41,GEN,Vellore,Gandhi.R,Dravida Munetra Kazhagam,"2,46,310","1,88,621",76.60%,7896,4.20%,
Arcot,42,GEN,Vellore,Eswarappan J L,Dravida Munetra Kazhagam,"2,44,127","2,01,388",82.50%,11091,5.50%,
Vellore,43,GEN,Vellore,Karthikeyan,Dravida Munetra Kazhagam,"2,47,628","1,68,879",68.20%,26210,15.50%,
Anaikattu,44,GEN,Vellore,Nandakumar A P,Dravida Munetra Kazhagam,"2,28,249","1,80,385",79.00%,8768,4.90%,
Kilvaithinankuppam,45,SC,Vellore,Loganathan.G,All India Anna Dravida Munnetra Kazhagam,"2,04,298","1,63,236",79.90%,9746,6.00%,
Gudiyattam,46,SC,Vellore,Jayanthi Padmanabhan .C,All India Anna Dravida Munnetra Kazhagam,"2,60,612","1,92,747",74.00%,11470,6.00%,
Vaniyambadi,47,GEN,Vellore,Nilofer,All India Anna Dravida Munnetra Kazhagam,"2,23,883","1,70,864",76.30%,14526,8.50%,
Ambur,48,GEN,Vellore,Balasubramani,All India Anna Dravida Munnetra Kazhagam,"2,10,433","1,59,443",75.80%,28006,17.60%,
Jolarpet,49,GEN,Vellore,Veeramani.K.C.,All India Anna Dravida Munnetra Kazhagam,"2,22,146","1,79,601",80.80%,10991,6.10%,
Tirupattur,50,GEN,Vellore,Nallathambi. A,Dravida Munetra Kazhagam,"2,26,179","1,76,650",78.10%,7647,4.30%,
Uthangarai,51,SC,Krishnagiri,N.Manoranjitham,All India Anna Dravida Munnetra Kazhagam,"2,17,792","1,78,899",82.10%,2613,1.50%,
Bargur,52,GEN,Krishnagiri,V.Rajendran,All India Anna Dravida Munnetra Kazhagam,"2,26,603","1,86,674",82.40%,982,0.50%,
Krishnagiri,53,GEN,Krishnagiri,Senguttuvan.T,Dravida Munetra Kazhagam,"2,44,487","1,98,237",81.10%,4891,2.50%,
Veppanahalli,54,GEN,Krishnagiri,Murugan P,Dravida Munetra Kazhagam,"2,26,937","1,91,843",84.50%,5228,2.70%,
Hosur,55,GEN,Krishnagiri,Balakrishna Reddy P,All India Anna Dravida Munnetra Kazhagam,"2,96,779","2,11,786",71.40%,22964,10.80%,
Thalli,56,GEN,Krishnagiri,Prakaash Y.,Dravida Munetra Kazhagam,"2,28,512","1,86,900",81.80%,6245,3.30%,
Palacode,57,GEN,Dharmapuri,Anbalagan. K.P.,All India Anna Dravida Munnetra Kazhagam,"2,11,355","1,86,887",88.40%,5983,3.20%,
Pennagaram,58,GEN,Dharmapuri,Inbasekaran. P.N.P.,Dravida Munetra Kazhagam,"2,26,254","1,97,554",87.30%,18446,9.30%,
Dharmapuri,59,GEN,Dharmapuri,Subramani. P.,Dravida Munetra Kazhagam,"2,50,333","2,05,225",82.00%,9676,4.70%,
Pappireddippatti,60,GEN,Dharmapuri,Palaniyappan. P,All India Anna Dravida Munnetra Kazhagam,"2,43,140","2,07,287",85.30%,12713,6.10%,
Harur,61,SC,Dharmapuri,R.Murugan,All India Anna Dravida Munnetra Kazhagam,"2,25,231","1,88,042",83.50%,11421,6.10%,
Chengam,62,SC,Tiruvannamalai,Giri .M.P,Dravida Munetra Kazhagam,"2,48,143","2,09,000",84.20%,12691,6.10%,
Tiruvannamalai,63,GEN,Tiruvannamalai,Velu E.V.,Dravida Munetra Kazhagam,"2,55,353","2,02,022",79.10%,50348,24.90%,
Kilpennathur,64,GEN,Tiruvannamalai,Pitchandi K,Dravida Munetra Kazhagam,"2,34,104","1,96,123",83.80%,34666,17.70%,
Kalasapakkam,65,GEN,Tiruvannamalai,Panneerselvam V,All India Anna Dravida Munnetra Kazhagam,"2,18,565","1,84,349",84.30%,26414,14.30%,
Polur,66,GEN,Tiruvannamalai,Sekaran.K.V,Dravida Munetra Kazhagam,"2,25,566","1,94,484",86.20%,8273,4.30%,
Arani,67,GEN,Tiruvannamalai,Ramachandran S,All India Anna Dravida Munnetra Kazhagam,"2,55,752","2,07,796",81.20%,7327,3.50%,
Cheyyar,68,GEN,Tiruvannamalai,Mohan K,All India Anna Dravida Munnetra Kazhagam,"2,43,709","2,03,565",83.50%,8527,4.20%,
Vandavasi,69,SC,Tiruvannamalai,Ambethkumar S,Dravida Munetra Kazhagam,"2,23,241","1,79,055",80.20%,18068,10.10%,
Gingee,70,GEN,Viluppuram,Masthan K S,Dravida Munetra Kazhagam,"2,50,191","1,98,698",79.40%,22057,11.10%,
Mailam,71,GEN,Viluppuram,Masilamani R,Dravida Munetra Kazhagam,"2,10,950","1,69,489",80.30%,12306,7.30%,
Tindivanam,72,SC,Viluppuram,Seethapathy P,Dravida Munetra Kazhagam,"2,20,510","1,73,038",78.50%,101,0.10%,
Vanur,73,SC,Viluppuram,Chakrapani M,All India Anna Dravida Munnetra Kazhagam,"2,20,293","1,72,998",78.50%,10223,5.90%,
Villupuram,74,GEN,Viluppuram,Shanmugam C Ve,All India Anna Dravida Munnetra Kazhagam,"2,45,110","1,87,263",76.40%,22291,11.90%,
Vikravandi,75,GEN,Viluppuram,Rathamani.K,Dravida Munetra Kazhagam,"2,17,174","1,77,252",81.60%,6912,3.90%,
Tirukkoyilur,76,GEN,Viluppuram,Ponmudy K,Dravida Munetra Kazhagam,"2,38,318","1,86,328",78.20%,41057,22.00%,
Ulundurpettai,77,GEN,Viluppuram,Kumaraguru R.,All India Anna Dravida Munnetra Kazhagam,"2,72,569","2,26,647",83.20%,4164,1.80%,
Rishivandiyam,78,GEN,Viluppuram,Karthikeyan.K,Dravida Munetra Kazhagam,"2,47,152","1,95,830",79.20%,20503,10.50%,
Sankarapuram,79,GEN,Viluppuram,Udhayasuriyan.T,Dravida Munetra Kazhagam,"2,51,971","2,02,263",80.30%,14528,7.20%,
Kallakurichi,80,SC,Viluppuram,Prabhu A,All India Anna Dravida Munnetra Kazhagam,"2,64,413","2,10,711",79.70%,4104,1.90%,
Gangavalli,81,SC,Salem,Maruthamuthu.A,All India Anna Dravida Munnetra Kazhagam,"2,17,595","1,74,215",80.10%,2262,1.30%,
Attur,82,SC,Salem,Chinnathambi R M,All India Anna Dravida Munnetra Kazhagam,"2,32,681","1,84,046",79.10%,17334,9.40%,
Yercaud,83,ST,Salem,Chitra.G,All India Anna Dravida Munnetra Kazhagam,"2,58,758","2,19,430",84.80%,17394,7.90%,
Omalur,84,GEN,Salem,Vetrivel.S,All India Anna Dravida Munnetra Kazhagam,"2,66,164","2,25,556",84.70%,19956,8.80%,
Mettur,85,GEN,Salem,Semmalai.S,All India Anna Dravida Munnetra Kazhagam,"2,62,849","2,05,745",78.30%,6282,3.10%,
Edappadi,86,GEN,Salem,Palaniswami. K,All India Anna Dravida Munnetra Kazhagam,"2,61,712","2,23,731",85.50%,42022,18.80%,
Sankari,87,GEN,Salem,Raja.S,All India Anna Dravida Munnetra Kazhagam,"2,56,471","2,12,929",83.00%,37374,17.60%,
Salem (West),88,GEN,Salem,Venkatachalam.G,All India Anna Dravida Munnetra Kazhagam,"2,70,641","1,99,371",73.70%,7247,3.60%,
Salem (North),89,GEN,Salem,Rajendran.R,Dravida Munetra Kazhagam,"2,67,624","1,87,811",70.20%,9873,5.30%,
Salem (South),90,GEN,Salem,Sakthivel A B,All India Anna Dravida Munnetra Kazhagam,"2,63,957","1,93,768",73.40%,30453,15.70%,
Veerapandi,91,GEN,Salem,Manonmani.P,All India Anna Dravida Munnetra Kazhagam,"2,38,532","2,03,890",85.50%,14481,7.10%,
Rasipuram,92,SC,Namakkal,Saroja V. Dr,All India Anna Dravida Munnetra Kazhagam,"2,22,650","1,84,074",82.70%,9631,5.20%,
Senthamangalam,93,ST,Namakkal,Chandrasekaran C,All India Anna Dravida Munnetra Kazhagam,"2,32,916","1,87,253",80.40%,12333,6.60%,
Namakkal,94,GEN,Namakkal,Baskar. K.P.P,All India Anna Dravida Munnetra Kazhagam,"2,43,892","1,90,613",78.20%,13534,7.10%,
Paramathi-Velur,95,GEN,Namakkal,Moorthiy K S,Dravida Munetra Kazhagam,"2,10,835","1,73,648",82.40%,818,0.50%,
Tiruchengodu,96,GEN,Namakkal,Saraswathi Pon,All India Anna Dravida Munnetra Kazhagam,"2,18,127","1,74,285",79.90%,3390,1.90%,
Kumarapalayam,97,GEN,Namakkal,Thangamani P,All India Anna Dravida Munnetra Kazhagam,"2,32,414","1,83,658",79.00%,47329,25.80%,
Erode (East),98,GEN,Erode,Thennarasu K S,All India Anna Dravida Munnetra Kazhagam,"2,14,592","1,44,922",67.50%,7794,5.40%,
Erode (West),99,GEN,Erode,Ramalingam K.V.,All India Anna Dravida Munnetra Kazhagam,"2,55,003","1,85,964",72.90%,4906,2.60%,
Modakkurichi,100,GEN,Erode,Sivasubramani V.P.,All India Anna Dravida Munnetra Kazhagam,"2,21,957","1,73,953",78.40%,2222,1.30%,
Dharapuram (SC),101,SC,Erode,Kalimuthu. V.S,Indian National Congress,"2,36,823","1,80,028",76.00%,10017,5.60%,
Kangayam,102,GEN,Erode,Thaniyarasu U,All India Anna Dravida Munnetra Kazhagam,"2,31,742","1,81,287",78.20%,13135,7.20%,
Perundurai,103,GEN,Erode,Venkatachalam.N.D,All India Anna Dravida Munnetra Kazhagam,"2,10,871","1,80,272",85.50%,12771,7.10%,
Bhavani,104,GEN,Erode,Karuppanan K C,All India Anna Dravida Munnetra Kazhagam,"2,25,945","1,86,234",82.40%,24887,13.40%,
Anthiyur,105,GEN,Erode,Rajakrishnan.K.R,All India Anna Dravida Munnetra Kazhagam,"2,05,788","1,68,035",81.70%,5312,3.20%,
Gobichettipalayam,106,GEN,Erode,Sengottaiyan K.A,All India Anna Dravida Munnetra Kazhagam,"2,41,198","2,01,877",83.70%,11223,5.60%,
Bhavanisagar,107,SC,Erode,Eswaran.S,All India Anna Dravida Munnetra Kazhagam,"2,37,600","1,93,571",81.50%,13104,6.80%,
Udhagamandalam,108,GEN,The Nilgiris,Ganesh R.,Indian National Congress,"2,00,138","1,37,243",68.60%,10418,7.60%,
Gudalur,109,SC,The Nilgiris,Thiravidamani M.,Dravida Munetra Kazhagam,"1,78,142","1,29,270",72.60%,13379,10.30%,
Coonoor,110,GEN,The Nilgiris,Ramu A.,All India Anna Dravida Munnetra Kazhagam,"1,85,574","1,32,587",71.40%,3710,2.80%,
Mettuppalayam,111,GEN,Coimbatore,Chinnaraj.O.K,All India Anna Dravida Munnetra Kazhagam,"2,73,728","2,07,353",75.80%,16114,7.80%,
Avanashi (SC),112,SC,Coimbatore,Dhanapal P,All India Anna Dravida Munnetra Kazhagam,"2,48,719","1,90,528",76.60%,30674,16.10%,
Tiruppur (North),113,GEN,Coimbatore,Vijayakumar Kn,All India Anna Dravida Munnetra Kazhagam,"3,26,277","2,16,314",66.30%,37774,17.50%,
Tiruppur (South),114,GEN,Coimbatore,Gunasekaran S,All India Anna Dravida Munnetra Kazhagam,"2,46,541","1,61,721",65.60%,15933,9.90%,
Palladam,115,GEN,Coimbatore,Natarajan. A,All India Anna Dravida Munnetra Kazhagam,"3,25,238","2,34,062",72.00%,32174,13.70%,
Sulur,116,GEN,Coimbatore,Kanagaraj R.,All India Anna Dravida Munnetra Kazhagam,"2,79,722","2,09,433",74.90%,36631,17.50%,
Kavundampalayam,117,GEN,Coimbatore,Arukutty V.C.,All India Anna Dravida Munnetra Kazhagam,"4,06,349","2,67,126",65.70%,8025,3.00%,
Coimbatore (North),118,GEN,Coimbatore,Arun Kumar P.R.G.,All India Anna Dravida Munnetra Kazhagam,"3,02,353","1,84,308",61.00%,7724,4.20%,
Thondamuthur,119,GEN,Coimbatore,Velumani S.P.,All India Anna Dravida Munnetra Kazhagam,"2,91,769","1,95,852",67.10%,64041,32.70%,
Coimbatore (South),120,GEN,Coimbatore,Arjunan @ Amman Arjunan K.,All India Anna Dravida Munnetra Kazhagam,"2,42,869","1,50,202",61.80%,17419,11.60%,
Singanallur,121,GEN,Coimbatore,Karthik N.,Dravida Munetra Kazhagam,"3,04,591","1,84,799",60.70%,5180,2.80%,
Kinathukadavu,122,GEN,Coimbatore,Shanmugam A.,All India Anna Dravida Munnetra Kazhagam,"2,93,432","2,04,105",69.60%,1332,0.70%,
Pollachi,123,GEN,Coimbatore,Pollachi V Jayaraman,All India Anna Dravida Munnetra Kazhagam,"2,16,097","1,66,362",77.00%,13368,8.00%,
Valparai,124,SC,Coimbatore,Kasthuri Vasu V.,All India Anna Dravida Munnetra Kazhagam,"1,95,780","1,41,537",72.30%,8244,5.80%,
Udumalaipettai,125,GEN,Coimbatore,Radhakrishnan K,All India Anna Dravida Munnetra Kazhagam,"2,50,547","1,79,611",71.70%,5687,3.20%,
Madathukulam,126,GEN,Coimbatore,Jayaramakrishnan R,Dravida Munetra Kazhagam,"2,24,447","1,69,397",75.50%,1667,1.00%,
Palani,127,GEN,Dindigul,Senthilkumar I P,Dravida Munetra Kazhagam,"2,57,546","1,96,014",76.10%,25586,13.10%,
Oddanchatram,128,GEN,Dindigul,Sakkarapani R,Dravida Munetra Kazhagam,"2,23,628","1,88,140",84.10%,65727,34.90%,
Athoor,129,GEN,Dindigul,Periyasamy I,Dravida Munetra Kazhagam,"2,69,948","2,27,147",84.10%,27147,12.00%,
Nilakkottai,130,SC,Dindigul,Thangathurai R,All India Anna Dravida Munnetra Kazhagam,"2,16,344","1,72,722",79.80%,14776,8.60%,
Natham,131,GEN,Dindigul,Andi Ambalam M.A,Dravida Munetra Kazhagam,"2,58,472","2,05,167",79.40%,2110,1.00%,
Dindigul,132,GEN,Dindigul,Sreenivasan C,All India Anna Dravida Munnetra Kazhagam,"2,47,238","1,82,636",73.90%,20719,11.30%,
Vedasandur,133,GEN,Dindigul,Paramasivam V.P.B,All India Anna Dravida Munnetra Kazhagam,"2,46,896","1,96,302",79.50%,19938,10.20%,
Karur,135,GEN,Karur,Vijayabhaskar .M.R,All India Anna Dravida Munnetra Kazhagam,"2,31,209","1,83,218",79.20%,441,0.20%,
Krishnarayapuram,136,SC,Karur,Geetha M.,All India Anna Dravida Munnetra Kazhagam,"2,02,913","1,63,817",80.70%,35301,21.50%,
Kulithalai,137,GEN,Tiruchirappalli,Ramar .E,Dravida Munetra Kazhagam,"2,07,792","1,82,170",87.70%,11896,6.50%,
Manapparai,138,GEN,Tiruchirappalli,Chandrasekar R,All India Anna Dravida Munnetra Kazhagam,"2,61,856","2,02,592",77.40%,18277,9.00%,
Srirangam,139,GEN,Tiruchirappalli,Valarmathi.S,All India Anna Dravida Munnetra Kazhagam,"2,81,063","2,21,279",78.70%,14409,6.50%,
Tiruchirappalli (West),140,GEN,Tiruchirappalli,Nehru.K.N,Dravida Munetra Kazhagam,"2,53,551","1,75,323",69.10%,28415,16.20%,
Tiruchirappalli (East),141,GEN,Tiruchirappalli,Natarajan .N.,All India Anna Dravida Munnetra Kazhagam,"2,40,767","1,62,656",67.60%,21894,13.50%,
Thiruverumbur,142,GEN,Tiruchirappalli,Anbil Mahesh Poyyamozhi,Dravida Munetra Kazhagam,"2,67,527","1,80,292",67.40%,16695,9.30%,
Lalgudi,143,GEN,Tiruchirappalli,Soundarapandian A,Dravida Munetra Kazhagam,"2,01,236","1,64,601",81.80%,3837,2.30%,
Manachanallur,144,GEN,Tiruchirappalli,Parameswari. M,All India Anna Dravida Munnetra Kazhagam,"2,17,178","1,77,694",81.80%,7522,4.20%,
Musiri,145,GEN,Tiruchirappalli,Selvarasu M,All India Anna Dravida Munnetra Kazhagam,"2,11,512","1,68,424",79.60%,32087,19.10%,
Thuraiyur,146,SC,Tiruchirappalli,Stalinkumar .S,Dravida Munetra Kazhagam,"2,10,511","1,66,888",79.30%,8068,4.80%,
Perambalur,147,SC,Perambalur,R.Thamizhselvan,All India Anna Dravida Munnetra Kazhagam,"2,75,932","2,20,233",79.80%,6853,3.10%,
Kunnam,148,GEN,Perambalur,R.T.Ramachandran,All India Anna Dravida Munnetra Kazhagam,"2,54,896","2,02,020",79.30%,18796,9.30%,
Ariyalur,149,GEN,Perambalur,Rajendran. S,All India Anna Dravida Munnetra Kazhagam,"2,47,475","2,09,182",84.50%,2043,1.00%,
Jayankondam,150,GEN,Perambalur,Ramajeyalingam.J.K.N,All India Anna Dravida Munnetra Kazhagam,"2,50,259","2,02,088",80.80%,22934,11.30%,
Tittagudi (SC),151,SC,Cuddalore,Ganesan V,Dravida Munetra Kazhagam,"2,06,909","1,58,219",76.50%,2212,1.40%,
Vridhachalam,152,GEN,Cuddalore,Kalaiselvan V T,All India Anna Dravida Munnetra Kazhagam,"2,32,531","1,82,870",78.60%,13777,7.50%,
Neyveli,153,GEN,Cuddalore,Saba.Rajendran,Dravida Munetra Kazhagam,"2,00,260","1,57,531",78.70%,17791,11.30%,
Panruti,154,GEN,Cuddalore,Sathya.P,All India Anna Dravida Munnetra Kazhagam,"2,26,590","1,83,477",81.00%,3128,1.70%,
Cuddalore,155,GEN,Cuddalore,Sampath M C,All India Anna Dravida Munnetra Kazhagam,"2,28,538","1,70,626",74.70%,24413,14.30%,
Kurinjipadi,156,GEN,Cuddalore,Panneerselvam Mrk,Dravida Munetra Kazhagam,"2,21,868","1,86,664",84.10%,28108,15.10%,
Bhuvanagiri,157,GEN,Cuddalore,Saravanan Durai K.,Dravida Munetra Kazhagam,"2,38,798","1,89,722",79.40%,5488,2.90%,
Chidambaram,158,GEN,Cuddalore,Pandian K A,All India Anna Dravida Munnetra Kazhagam,"2,28,166","1,68,905",74.00%,1506,0.90%,
Kattumannarkoil(SC),159,SC,Cuddalore,Murugumaran.N,All India Anna Dravida Munnetra Kazhagam,"2,10,687","1,64,161",77.90%,87,0.10%,
Sirkazhi,160,SC,Nagapattinam,Bharathi.P.V,All India Anna Dravida Munnetra Kazhagam,"2,31,842","1,76,325",76.10%,9003,5.10%,
Mayiladuthurai,161,GEN,Nagapattinam,Rathakrishnan.V,All India Anna Dravida Munnetra Kazhagam,"2,34,079","1,67,168",71.40%,4778,2.90%,
Poompuhar,162,GEN,Nagapattinam,Pavunraj.S,All India Anna Dravida Munnetra Kazhagam,"2,56,713","1,91,280",74.50%,19935,10.40%,
Nagapattinam,163,GEN,Nagapattinam,Thamimun Ansari.M,All India Anna Dravida Munnetra Kazhagam,"1,84,181","1,33,443",72.50%,20550,15.40%,
Kilvelur,164,SC,Nagapattinam,Mathivanan.U,Dravida Munetra Kazhagam,"1,63,189","1,36,880",83.90%,10170,7.40%,
Vedaranyam,165,GEN,Nagapattinam,Manian.O.S,All India Anna Dravida Munnetra Kazhagam,"1,81,787","1,45,597",80.10%,22998,15.80%,
Thiruthuraipoondi,166,SC,Thiruvarur,Adalarasan. P,Dravida Munetra Kazhagam,"2,22,380","1,73,852",78.20%,13250,7.60%,
Mannargudi,167,GEN,Thiruvarur,Rajaa.T.R.B,Dravida Munetra Kazhagam,"2,40,899","1,85,336",76.90%,9937,5.40%,
Thiruvarur,168,GEN,Thiruvarur,Karunanidhi .M,Dravida Munetra Kazhagam,"2,52,466","1,94,618",77.10%,68366,35.10%,
Nannilam,169,GEN,Thiruvarur,Kamaraj. R,All India Anna Dravida Munnetra Kazhagam,"2,53,096","2,01,972",79.80%,21276,10.50%,
Thiruvidaimarudur,170,SC,Thanjavur,Chezhiaan.Govi,Dravida Munetra Kazhagam,"2,33,519","1,83,030",78.40%,532,0.30%,
Kumbakonam,171,GEN,Thanjavur,G.Anbalagan,Dravida Munetra Kazhagam,"2,46,071","1,86,234",75.70%,8457,4.50%,
Papanasam,172,GEN,Thanjavur,Doraikkannu .R,All India Anna Dravida Munnetra Kazhagam,"2,38,119","1,80,637",75.90%,24365,13.50%,
Thiruvaiyaru,173,GEN,Thanjavur,Durai.Chandrasekaran,Dravida Munetra Kazhagam,"2,48,188","2,01,043",81.00%,14343,7.10%,
Orathanadu,175,GEN,Thanjavur,Ramchandran. M,Dravida Munetra Kazhagam,"2,26,104","1,78,141",78.80%,3645,2.00%,
Pattukkottai,176,GEN,Thanjavur,Sekar. V,All India Anna Dravida Munnetra Kazhagam,"2,26,518","1,64,349",72.60%,12358,7.50%,
Peravurani,177,GEN,Thanjavur,Govindarasu M,All India Anna Dravida Munnetra Kazhagam,"2,04,407","1,60,603",78.60%,995,0.60%,
Gandharvakottai,178,SC,Pudukkottai,Arumugam.B,All India Anna Dravida Munnetra Kazhagam,"1,84,576","1,44,534",78.30%,3047,2.10%,
Viralimalai,179,GEN,Pudukkottai,Vijaya Baskar C,All India Anna Dravida Munnetra Kazhagam,"1,99,103","1,69,474",85.10%,8447,5.00%,
Pudukkottai,180,GEN,Pudukkottai,Periyannan Arassu,Dravida Munetra Kazhagam,"2,26,029","1,68,645",74.60%,2084,1.20%,
Thirumayam,181,GEN,Pudukkottai,Regupathy S,Dravida Munetra Kazhagam,"2,05,506","1,56,654",76.20%,766,0.50%,
Alangudi,182,GEN,Pudukkottai,Meyyanathan .Siva .V,Dravida Munetra Kazhagam,"1,96,502","1,57,028",79.90%,9941,6.30%,
Aranthangi,183,GEN,Pudukkottai,Rathinasabhapathy E,All India Anna Dravida Munnetra Kazhagam,"2,11,467","1,53,822",72.70%,2291,1.50%,
Karaikudi,184,GEN,Sivaganga,Ramasamy Kr,Indian National Congress,"2,82,460","1,98,667",70.30%,18283,9.20%,
Tiruppattur,185,GEN,Sivaganga,Periakaruppan Kr,Dravida Munetra Kazhagam,"2,65,915","1,96,751",74.00%,42004,21.30%,
Sivaganga,186,GEN,Sivaganga,Baskaran.G,All India Anna Dravida Munnetra Kazhagam,"2,71,108","1,87,812",69.30%,6636,3.50%,
Manamadurai,187,SC,Sivaganga,Mariappankennady S,All India Anna Dravida Munnetra Kazhagam,"2,53,688","1,83,329",72.30%,14889,8.10%,
Melur,188,GEN,Madurai,Periyapullan @ Selvam P,All India Anna Dravida Munnetra Kazhagam,"2,34,129","1,71,744",73.40%,19723,11.50%,
Madurai East,189,GEN,Madurai,Moorthy P,Dravida Munetra Kazhagam,"2,86,211","2,11,227",73.80%,32772,15.50%,
Sholavandan,190,SC,Madurai,Manickam K,All India Anna Dravida Munnetra Kazhagam,"2,06,777","1,64,394",79.50%,24857,15.10%,
Madurai North,191,GEN,Madurai,Rajan Chellappa V.V.,All India Anna Dravida Munnetra Kazhagam,"2,33,677","1,50,889",64.60%,18839,12.50%,
Madurai South,192,GEN,Madurai,Saravanan .S.S.,All India Anna Dravida Munnetra Kazhagam,"2,20,259","1,43,693",65.20%,23763,16.50%,
Madurai Central,193,GEN,Madurai,Palanivel Thiagarajan,Dravida Munetra Kazhagam,"2,34,511","1,49,299",63.70%,5762,3.90%,
Madurai West,194,GEN,Madurai,Raju K,All India Anna Dravida Munnetra Kazhagam,"2,79,424","1,81,421",64.90%,16398,9.00%,
Thiruparankundram,195,GEN,Madurai,Seenivel S M,All India Anna Dravida Munnetra Kazhagam,"2,79,299","1,94,369",69.60%,22992,11.80%,
Thirumangalam,196,GEN,Madurai,Udhayakumar.R.B,All India Anna Dravida Munnetra Kazhagam,"2,61,153","2,02,432",77.50%,23590,11.70%,
Usilampatti,197,GEN,Madurai,Neethipathi P,All India Anna Dravida Munnetra Kazhagam,"2,69,103","1,99,454",74.10%,32906,16.50%,
Andipatti,198,GEN,Theni,Thangatamilselvam,All India Anna Dravida Munnetra Kazhagam,"2,52,747","1,96,700",77.80%,30196,15.40%,
Periyakulam,199,SC,Theni,Kathirkamu.K,All India Anna Dravida Munnetra Kazhagam,"2,58,145","1,90,735",73.90%,14350,7.50%,
Bodinayakanur,200,GEN,Theni,O. Panneerselvam,All India Anna Dravida Munnetra Kazhagam,"2,57,098","1,99,613",77.60%,15608,7.80%,
Cumbum,201,GEN,Theni,S.T.K.Jakkaiyan,All India Anna Dravida Munnetra Kazhagam,"2,62,147","1,91,863",73.20%,11221,5.80%,
Rajapalayam,202,GEN,Virudhunagar,Thangappandian. S.,Dravida Munetra Kazhagam,"2,21,788","1,68,398",75.90%,4802,2.90%,
Srivilliputhur,203,SC,Virudhunagar,Chandra Prabha. M,All India Anna Dravida Munnetra Kazhagam,"2,30,368","1,76,464",76.60%,36673,20.80%,
Sattur,204,GEN,Virudhunagar,Subramanian S.G.,All India Anna Dravida Munnetra Kazhagam,"2,22,271","1,74,484",78.50%,4427,2.50%,
Sivakasi,205,GEN,Virudhunagar,Rajenthrabhalaji K.T,All India Anna Dravida Munnetra Kazhagam,"2,34,432","1,72,998",73.80%,14748,8.50%,
Virudhunagar,206,GEN,Virudhunagar,Seenivasan A.R.R,Dravida Munetra Kazhagam,"2,05,887","1,50,512",73.10%,2870,1.90%,
Aruppukkottai,207,GEN,Virudhunagar,Ramachandran.K.K.S.S.R,Dravida Munetra Kazhagam,"2,04,976","1,62,400",79.20%,18054,11.10%,
Tiruchuli,208,GEN,Virudhunagar,Thangam Thenarasu T.,Dravida Munetra Kazhagam,"2,05,318","1,66,414",81.10%,26577,16.00%,
Paramakudi,209,SC,Ramanathapuram,Muthiah.S.Dr,All India Anna Dravida Munnetra Kazhagam,"2,46,166","1,67,411",68.00%,11389,6.80%,
Tiruvadanai,210,GEN,Ramanathapuram,Karunaas,All India Anna Dravida Munnetra Kazhagam,"2,71,962","1,85,710",68.30%,8696,4.70%,
Ramanathapuram,211,GEN,Ramanathapuram,Manikandan.M,All India Anna Dravida Munnetra Kazhagam,"2,81,563","1,91,474",68.00%,33222,17.40%,
Mudhukulathur,212,GEN,Ramanathapuram,S.Pandi,Indian National Congress,"2,97,492","2,02,217",68.00%,13348,6.60%,
Vilathikulam,213,GEN,Thoothukkudi,Uma Maheswari K,All India Anna Dravida Munnetra Kazhagam,"2,04,302","1,51,214",74.00%,18718,12.40%,
Thoothukkudi,214,GEN,Thoothukkudi,Geetha Jeevan P,Dravida Munetra Kazhagam,"2,75,218","1,86,311",67.70%,20908,11.20%,
Tiruchendur,215,GEN,Thoothukkudi,Anitha R Radhakrishnan,Dravida Munetra Kazhagam,"2,23,973","1,64,994",73.70%,26001,15.80%,
Srivaikuntam,216,GEN,Thoothukkudi,Shanmuganathan S.P,All India Anna Dravida Munnetra Kazhagam,"2,04,815","1,53,909",75.10%,3531,2.30%,
Ottapidaram,217,SC,Thoothukkudi,Sundararaj.R,All India Anna Dravida Munnetra Kazhagam,"2,17,224","1,57,784",72.60%,493,0.30%,
Kovilpatti,218,GEN,Thoothukkudi,C. Kadambur Raju,All India Anna Dravida Munnetra Kazhagam,"2,44,448","1,63,257",66.80%,428,0.30%,
Sankarankovil,219,SC,Tirunelveli,Rajalakshmi M,All India Anna Dravida Munnetra Kazhagam,"2,32,201","1,75,244",75.50%,14489,8.30%,
Vasudevanallur,220,SC,Tirunelveli,Manoharan A,All India Anna Dravida Munnetra Kazhagam,"2,19,497","1,61,244",73.50%,18758,11.60%,
Kadayanallur,221,GEN,Tirunelveli,Muhammed Abubacker.K.A.M,Indian Union Muslim League,"2,63,128","1,86,768",71.00%,1194,0.60%,
Tenkasi,222,GEN,Tirunelveli,Selvamohandas Pandian S,All India Anna Dravida Munnetra Kazhagam,"2,61,504","1,99,384",76.20%,462,0.20%,
Alangulam,223,GEN,Tirunelveli,Dr. Poongothai Aladi Aruna,Dravida Munetra Kazhagam,"2,43,056","1,91,237",78.70%,4754,2.50%,
Tirunelveli,224,GEN,Tirunelveli,Lakshmanan A.L.S.,Dravida Munetra Kazhagam,"2,67,540","1,87,358",70.00%,601,0.30%,
Ambasamudram,225,GEN,Tirunelveli,R. Murugaiah Pandian,All India Anna Dravida Munnetra Kazhagam,"2,33,876","1,69,487",72.50%,13166,7.80%,
Palayamkottai,226,GEN,Tirunelveli,Mohideen Khant.P.M,Dravida Munetra Kazhagam,"2,54,284","1,51,701",59.70%,15872,10.50%,
Nanguneri,227,GEN,Tirunelveli,Vasanthakumar. H,Indian National Congress,"2,38,937","1,71,071",71.60%,17315,10.10%,
Radhapuram,228,GEN,Tirunelveli,I. S. Inbadurai,All India Anna Dravida Munnetra Kazhagam,"2,37,643","1,69,516",71.30%,49,0.00%,
Kanniyakumari,229,GEN,Kanniyakumari,Austin. S,Dravida Munetra Kazhagam,"2,81,262","2,08,354",74.10%,5912,2.80%,
Nagercoil,230,GEN,Kanniyakumari,Suresh Rajan N,Dravida Munetra Kazhagam,"2,63,106","1,71,522",65.20%,20956,12.20%,
Colachel,231,GEN,Kanniyakumari,Prince J.G.,Indian National Congress,"2,60,607","1,65,612",63.50%,26028,15.70%,
Padmanabhapuram,232,GEN,Kanniyakumari,Mano Thangaraj T,Dravida Munetra Kazhagam,"2,33,736","1,60,201",68.50%,40905,25.50%,
Vilavancode,233,GEN,Kanniyakumari,Vijayadharani S,Indian National Congress,"2,40,547","1,60,990",66.90%,33143,20.60%,
Killiyoor,234,GEN,Kanniyakumari,Rajesh Kumar S,Indian National Congress,"2,49,258","1,52,131",61.00%,46295,30.40%,
,,,,,,,,,,,
,,,,,,,,,,,
,,,,,,,,,,,
,,,,,,,,,,,
,,,,,,,,,,,
,,,,,,,,,,,
,,,,,,,,,,,
,,,,,,,,,,,
,,,,,,,,,,,
,,,,,,,,,,,
,,,,,,,,,,,
,,,,,,,,,,,
,,,,,,,,,,,
,,,,,,,,,,,
,,,,,,,,,,,
,,,,,,,,,,,
,,,,,,,,,,,
,,,,,,,,,,,
,,,,,,,,,,,
,,,,,,,,,,,
,,,,,,,,,,,
,,,,,,,,,,,
,,,,,,,,,,,
,,,,,,,,,,,
,,,,,,,,,,,
,,,,,,,,,,,
,,,,,,,,,,,
,,,,,,,,,,,
,,,,,,,,,,,
,,,,,,,,,,,
,,,,,,,,,,,
,,,,,,,,,,,
,,,,,,,,,,,
,,,,,,,,,,,
,,,,,,,,,,,
,,,,,,,,,,,
,,,,,,,,,,,
,,,,,,,,,,,
,,,,,,,,,,,
,,,,,,,,,,,
,,,,,,,,,,,
,,,,,,,,,,,
,,,,,,,,,,,
,,,,,,,,,,,
,,,,,,,,,,,
,,,,,,,,,,,
,,,,,,,,,,,
,,,,,,,,,,,
,,,,,,,,,,,
,,,,,,,,,,,
,,,,,,,,,,,
,,,,,,,,,,,
,,,,,,,,,,,
,,,,,,,,,,,
,,,,,,,,,,,
,,,,,,,,,,,
,,,,,,,,,,,
,,,,,,,,,,,
,,,,,,,,,,,
,,,,,,,,,,,
,,,,,,,,,,,
,,,,,,,,,,,
,,,,,,,,,,,
,,,,,,,,,,,
,,,,,,,,,,,
,,,,,,,,,,,
,,,,,,,,,,,
,,,,,,,,,,,
,,,,,,,,,,,
,,,,,,,,,,,
,,,,,,,,,,,
,,,,,,,,,,,
,,,,,,,,,,,
,,,,,,,,,,,
,,,,,,,,,,,
,,,,,,,,,,,
,,,,,,,,,,,
,,,,,,,,,,,
,,,,,,,,,,,
,,,,,,,,,,,
,,,,,,,,,,,
,,,,,,,,,,,
,,,,,,,,,,,
,,,,,,,,,,,
,,,,,,,,,,,
,,,,,,,,,,,
,,,,,,,,,,,
,,,,,,,,,,,
,,,,,,,,,,,
,,,,,,,,,,,
,,,,,,,,,,,
,,,,,,,,,,,
,,,,,,,,,,,
,,,,,,,,,,,
,,,,,,,,,,,
,,,,,,,,,,,
,,,,,,,,,,,
,,,,,,,,,,,
,,,,,,,,,,,
,,,,,,,,,,,
,,,,,,,,,,,
,,,,,,,,,,,
,,,,,,,,,,,
,,,,,,,,,,,
,,,,,,,,,,,
,,,,,,,,,,,
,,,,,,,,,,,
,,,,,,,,,,,
,,,,,,,,,,,
,,,,,,,,,,,
,,,,,,,,,,,
,,,,,,,,,,,
,,,,,,,,,,,
,,,,,,,,,,,
,,,,,,,,,,,
,,,,,,,,,,,
,,,,,,,,,,,
,,,,,,,,,,,
,,,,,,,,,,,
,,,,,,,,,,,
,,,,,,,,,,,
,,,,,,,,,,,
,,,,,,,,,,,
,,,,,,,,,,,
,,,,,,,,,,,
,,,,,,,,,,,
,,,,,,,,,,,
,,,,,,,,,,,
,,,,,,,,,,,
,,,,,,,,,,,
,,,,,,,,,,,
,,,,,,,,,,,
,,,,,,,,,,,
,,,,,,,,,,,
,,,,,,,,,,,
,,,,,,,,,,,
,,,,,,,,,,,
,,,,,,,,,,,
,,,,,,,,,,,
,,,,,,,,,,,
,,,,,,,,,,,
,,,,,,,,,,,
,,,,,,,,,,,
,,,,,,,,,,,
,,,,,,,,,,,
,,,,,,,,,,,
,,,,,,,,,,,
,,,,,,,,,,,
,,,,,,,,,,,
,,,,,,,,,,,
,,,,,,,,,,,
,,,,,,,,,,,
,,,,,,,,,,,
,,,,,,,,,,,
,,,,,,,,,,,
,,,,,,,,,,,
,,,,,,,,,,,
,,,,,,,,,,,
,,,,,,,,,,,
,,,,,,,,,,,
,,,,,,,,,,,
,,,,,,,,,,,
,,,,,,,,,,,
,,,,,,,,,,,
,,,,,,,,,,,
,,,,,,,,,,,
,,,,,,,,,,,
,,,,,,,,,,,
,,,,,,,,,,,
,,,,,,,,,,,
,,,,,,,,,,,
,,,,,,,,,,,
,,,,,,,,,,,
,,,,,,,,,,,
,,,,,,,,,,,
,,,,,,,,,,,
,,,,,,,,,,,
,,,,,,,,,,,
,,,,,,,,,,,
,,,,,,,,,,,
,,,,,,,,,,,
,,,,,,,,,,,
,,,,,,,,,,,
,,,,,,,,,,,
,,,,,,,,,,,
,,,,,,,,,,,
,,,,,,,,,,,
,,,,,,,,,,,
,,,,,,,,,,,
,,,,,,,,,,,
,,,,,,,,,,,
,,,,,,,,,,,
,,,,,,,,,,,
,,,,,,,,,,,
,,,,,,,,,,,
,,,,,,,,,,,
,,,,,,,,,,,
,,,,,,,,,,,
,,,,,,,,,,,
,,,,,,,,,,,
,,,,,,,,,,,
,,,,,,,,,,,
,,,,,,,,,,,
,,,,,,,,,,,
,,,,,,,,,,,
,,,,,,,,,,,
,,,,,,,,,,,
,,,,,,,,,,,
,,,,,,,,,,,
,,,,,,,,,,,
,,,,,,,,,,,
,,,,,,,,,,,
,,,,,,,,,,,
,,,,,,,,,,,
,,,,,,,,,,,
,,,,,,,,,,,
,,,,,,,,,,,
,,,,,,,,,,,
,,,,,,,,,,,
,,,,,,,,,,,
,,,,,,,,,,,
,,,,,,,,,,,
,,,,,,,,,,,
,,,,,,,,,,,
,,,,,,,,,,,
,,,,,,,,,,,
,,,,,,,,,,,
,,,,,,,,,,,
,,,,,,,,,,,
,,,,,,,,,,,
,,,,,,,,,,,
,,,,,,,,,,,
,,,,,,,,,,,
,,,,,,,,,,,
,,,,,,,,,,,